{"vocab":["\n"," ","#","'","*",",","-",".","/","0","1","2","3","4","5","6","7","8","9",":","A","C","D","F","H","I","L","M","N","P","R","S","T","U","V","Z","a","b","c","d","e","f","g","h","i","j","k","l","m","n","o","p","r","s","t","u","v","w","y","z","—"],"config":{"vocab_size":62,"n_embd":8,"n_layer":1,"n_head":2,"block_size":8},"weights":[null,null,null,null,null,null,null,null,null,null,null,null,null,null,null,null,null,null,null,null,null,null,null,null,-0.10503706987531831,-0.008408261897480519,0.04838291105014648,-0.0181695204131565,0.0050448497429025,-0.039345117046116033,-0.010123402283265985,-0.006144865983294494,null,null,null,null,null,null,null,null,0.003288770236954406,0.07911833261140742,0.02884672337779932,0.037255182529816015,0.006159002408604408,0.07706536451841522,0.015830931106444197,0.12669291830925158,null,null,null,null,null,null,null,null,null,null,null,null,null,null,null,null,0.05353733939293072,0.06758795449357347,0.032642253923653185,0.02108903036458308,0.020273149483828162,0.01782805239738508,0.015451673358866139,-0.004101668889550752,null,null,null,null,null,null,null,null,null,null,null,null,null,null,null,null,null,null,null,null,null,null,null,null,null,null,null,null,null,null,null,null,0.020771930527678038,0.04772821888493233,-0.05450987172911519,-0.016842662711214425,0.05738815558931101,-0.057533127400293135,-0.03485373093264815,-0.03858020923120295,-0.07571217295951234,0.02813553859785259,-0.03437708146196638,-0.008762625078641798,-0.00031302416447365645,0.03692434410215491,-0.05871988093784115,0.0402811345411784,null,null,null,null,null,null,null,null,-0.08333253820168596,0.02985568078562043,0.06058924981524406,0.04628546450730547,0.022057900130547453,0.0024674304371366065,0.04351431293694173,-0.017335267143722428,0.10868917406692086,0.07528628417999823,-0.1066047779109721,-0.034862770656320236,-0.08528727119898089,-0.07848032957320618,-0.15900178311073965,0.09379365937176197,-0.028132385144753264,-0.05970589419449354,0.009703780515559224,0.0060779859135339015,-0.03053646784865011,-0.06171788268036114,0.08730680999494339,-0.046656653577452335,0.19452790427904573,0.22186038566410624,-0.17858121900734966,0.12421551910790479,-0.12115403400487094,0.0944545598971309,0.1584112764556641,-0.12461619158010835,-0.01628400188050522,-0.022645674750728127,-0.018781091710504044,0.06187834291134671,0.048731995219268145,-0.016092065875337215,-0.10338886076262424,-0.016687530686700782,null,null,null,null,null,null,null,null,null,null,null,null,null,null,null,null,-0.047353855315419774,0.03637272966661506,0.017563359886052225,0.03573445562960316,-0.009295259353375851,0.02078263244669472,0.010551457537553724,0.06273044158910565,-0.0007401868139854706,-0.045096326074873815,-0.03548912330954893,0.06041863915553453,-0.0657078892251556,0.042832481524960574,0.03469388873332548,0.0817337118772673,null,null,null,null,null,null,null,null,-0.0073609928682500225,0.02831607852250798,-0.074283739797949,-0.0019972803503881488,0.01980834655882063,-0.014849067248797549,0.011765940777675895,-0.0797932769662837,null,null,null,null,null,null,null,null,-0.1919737294698011,-0.11121964737343827,0.11176318863407428,-0.12264675740630787,-0.014817347390489085,0.12877180551018946,-0.17139857639531206,0.11220428809980133,-0.03798851283736113,-0.023506202960041522,0.026120534109839645,-0.013173981382103541,0.05727469958693952,-0.022012833850865672,-0.003680647984184269,0.006173820832702717,-0.004211062541626909,0.020260498723163777,-0.11570842479939743,0.06307409140925917,0.01322222876994843,0.037918704126160885,-0.005597268977306875,0.05277877619981773,0.03815099852381053,0.015312285517078764,-0.06067535296897688,0.03209331448944589,-0.025248390915827396,-0.007798164370144463,0.04185430984386862,-0.012265058833294483,-0.040089858293492604,0.08482239318720979,0.03703048250424324,-0.0061232357933736735,-0.00037515809069287086,-0.003955696400331678,-0.05256949034140426,-0.02931046117476841,null,null,null,null,null,null,null,null,-0.0382833708762573,-0.035842892601970745,0.08839227249830867,-0.023948403336783795,-0.009362790419822567,-0.02083932629705336,-0.00913810758201894,0.027993199496918777,0.08254841267545772,0.06603466440235609,-0.07923134167103044,0.056429651399463314,0.1073083123003773,-0.06025394093695345,-0.011768879144396432,0.18988285477670896,null,null,null,null,null,null,null,null,-0.030792593191612087,0.026468287134024108,0.3669201547307457,-0.014630057811854117,0.052597336297147315,0.2861457137935888,-0.2955317576620511,-0.04902903483256574,null,null,null,null,null,null,null,null,null,null,null,null,null,null,null,null,null,null,null,null,null,null,null,null,null,null,null,null,null,null,null,null,null,null,null,null,null,null,null,null,null,null,null,null,null,null,null,null,null,null,null,null,null,null,null,null,0.08424902738235986,0.08467698223694967,-0.017435185039747073,-0.023620892582229658,0.0242335082747395,0.030000137472061254,0.03795893230751744,0.034233196282095694,-0.04032342402404185,0.0013815304710929866,0.06386663305446583,0.07925937839492718,0.01343973460280374,-0.056768218667927944,0.010590649686042255,-0.03674331458120388,null,null,null,null,null,null,null,null,null,null,null,null,null,null,null,null,null,null,null,null,null,null,null,null,null,null,null,null,null,null,null,null,null,null,null,null,null,null,null,null,null,null,null,null,null,null,null,null,null,null,null,null,null,null,null,null,null,null,null,null,null,null,null,null,null,null,null,null,null,null,null,null,null,null,null,null,null,null,null,null,-0.16185522887266116,-0.2763578958135661,0.30580933240945246,0.2855208311960724,0.17800473814049964,0.19515346431775776,-0.15249560578130558,-0.17857488120021328,null,null,null,null,null,null,null,null,-0.10199859939486239,-0.009060968989346633,-0.0764583632040811,0.05253732730812658,-0.027159075792938837,-0.029029848754147932,-0.035152854012424156,0.02651557606453082,null,null,null,null,null,null,null,null,null,null,null,null,null,null,null,null,null,null,null,null,null,null,null,null,null,null,null,null,null,null,null,null,null,null,null,null,null,null,null,null,null,null,null,null,null,null,null,null,null,null,null,null,null,null,null,null,null,null,null,null,null,null,null,null,null,null,null,null,null,null,null,null,null,null,null,null,null,null,null,null,null,null,null,null,null,null,null,null,null,null,null,null,null,null,null,null,null,null,null,null,null,null,null,null,-0.08973203864959388,-0.1795985734657204,0.13460856825979237,-0.17023313402104698,0.09542617642807857,0.11043869922135206,0.1930664830937879,-0.1453649119528635,null,null,null,null,null,null,null,null,0.003955124725088268,-0.019594681365352393,0.06153628249716299,-0.0019961406543786532,0.021848431265528205,-0.013575987616421887,-0.03068578988203063,0.04106077470320301,null,null,null,null,null,null,null,null,null,null,null,null,null,null,null,null,-0.07042068466762492,0.09534323628244934,0.01230764849986894,-0.02829541545273644,-0.010328398714959004,0.01338510768648252,-0.0347882141800433,0.07181091759932479,null,null,null,null,null,null,null,null,null,null,null,null,null,null,null,null,null,null,null,null,null,null,null,null,null,null,null,null,null,null,null,null,0.04409345422301478,0.021050142613585763,0.0014334564651642269,-0.07688934182299986,0.11198499243415831,-0.05850448827153107,-0.01860570258085,-0.06899586205119987,0.017045004889037187,0.05668039926251254,-0.03846876867869597,-0.0398695834623973,0.058250673799436894,-0.007108574526750289,0.05337030556806102,-0.07540200681100942,null,null,null,null,null,null,null,null,-0.13569621840658483,-0.18339416764810568,0.14566934689057723,-0.14358508328409972,0.1688504887492126,0.12831483538689598,0.10171295367817688,-0.15363789045881188,-0.11235871265473973,-0.1303860189960901,0.0358209091199443,-0.09660676235787416,0.12886315544522148,0.04450956851833597,0.1011714713237336,-0.04957723149153403,0.04410580586487548,0.05959142883597192,-0.026199126583181673,0.03130910461632638,