{"vocab":["\n"," ","#","'","*",",","-",".","/","0","1","2","3","4","5","6","7","9",":","A","B","C","D","H","I","M","N","P","Q","R","S","T","V","Z","a","b","c","d","e","f","g","h","i","j","k","l","m","n","o","p","q","r","s","t","u","v","w","y","z","—"],"config":{"vocab_size":61,"n_embd":8,"n_layer":1,"n_head":2,"block_size":8},"weights":[null,null,null,null,null,null,null,null,null,null,null,null,null,null,null,null,null,null,null,null,null,null,null,null,0.05613420639886453,-0.014687598522640392,-0.012523624148932449,0.03858324443028579,-0.0340508427962223,0.0798003968104402,0.05065066921901952,-0.032477051512518305,null,null,null,null,null,null,null,null,null,null,null,null,null,null,null,null,null,null,null,null,null,null,null,null,null,null,null,null,null,null,null,null,null,null,null,null,null,null,null,null,null,null,null,null,null,null,null,null,null,null,null,null,null,null,null,null,null,null,null,null,null,null,null,null,null,null,null,null,null,null,null,null,null,null,null,null,null,null,null,null,null,null,null,null,null,null,null,null,null,null,null,null,null,null,null,null,0.18778645076389858,0.266533634160369,-0.275091816694913,-0.10306176789704663,-0.3004311663377615,-0.03067923224128181,0.036451735042334774,0.1400858250466749,null,null,null,null,null,null,null,null,null,null,null,null,null,null,null,null,0.002677594722153174,-0.016155619430740932,-0.06779136321616516,0.03219830583510426,-0.04520383565333513,-0.04169434880921921,-0.003785695919192023,-0.03911071785686488,0.009166345875362225,0.038291101765184764,0.049160602229175225,-0.010169148392933583,0.05918396840410882,-0.001477103712536465,-0.010434029792840107,-0.013163516632308898,0.044038023762206606,0.055027738581809336,-0.051716628794950315,-0.0167739472829253,0.06582800545526894,0.04074610577739492,0.06904348499474353,-0.06336738500353191,-0.007528781069819175,-0.09845223499972264,0.06051328636525881,0.06273003055150969,-0.03375454677317045,-0.011344711980534168,0.03136915677966577,-0.009042851552797089,-0.008861569040326582,-0.010727685607865514,-0.014571534594910745,-0.006923938839650426,-0.047713785418509624,-0.029622376063930672,0.1201411902904236,-0.024815523149928752,0.0516921040416651,-0.06146170077445742,0.01398446951731728,0.007438742753964753,0.023985414651825465,0.00896346916636528,0.013668615173902766,0.015896663456479665,0.06027686469546758,-0.017911649965622358,0.00430594762124791,0.012047324564038071,0.044890097174114345,-0.008753180850694112,0.04999985864013752,-0.10483803519142615,0.0654060384929943,-0.025758850901306973,-0.042311806837913205,-0.048748634784476705,0.04756663577090457,0.019513962759439778,-0.018193502002893602,0.03267341316588979,null,null,null,null,null,null,null,null,0.040827751628629796,-0.0029700840603627656,-0.054608069833578965,0.010485953434052854,-0.06519091872766149,0.014329711545342648,0.04246734116704403,0.07084860605577432,0.08615054018984786,0.05027567127343332,0.00863604267928725,-0.029402136333310763,-0.008743877247240982,-0.0779944009175569,0.022827834940070523,0.06599946919525472,0.32347993610527737,-0.23536513376059506,-0.07032502922715994,-0.2358177600076971,0.01506568503637336,-0.27186010235437125,-0.24597433549859876,0.22168151885331977,null,null,null,null,null,null,null,null,null,null,null,null,null,null,null,null,null,null,null,null,null,null,null,null,null,null,null,null,null,null,null,null,null,null,null,null,null,null,null,null,null,null,null,null,null,null,null,null,null,null,null,null,null,null,null,null,null,null,null,null,null,null,null,null,-0.07337101451479891,0.052956750880962106,0.029336742038325172,0.026466229612130902,0.06725984751436911,0.09311298034373898,-0.049895839203867746,-0.012877144159068177,null,null,null,null,null,null,null,null,null,null,null,null,null,null,null,null,null,null,null,null,null,null,null,null,null,null,null,null,null,null,null,null,null,null,null,null,null,null,null,null,null,null,null,null,null,null,null,null,null,null,null,null,null,null,null,null,null,null,null,null,null,null,null,null,null,null,null,null,null,null,null,null,null,null,null,null,null,null,null,null,null,null,null,null,null,null,null,null,null,null,null,null,null,null,null,null,null,null,null,null,null,null,null,null,null,null,null,null,null,null,null,null,null,null,null,null,null,null,null,null,null,null,null,null,null,null,null,null,null,null,null,null,null,null,null,null,0.03131073306622866,-0.03422411914690795,-0.04976981426770445,0.08830832407819696,-0.013856130631935084,0.009929193064008288,-0.0606200927960168,0.0010811138806978704,0.0755472831704948,-0.04390690389871198,-0.03388140571053692,-0.050300876215974205,-0.007718349672573251,-0.06831390820700142,0.04415551563867666,-0.02523223358557827,null,null,null,null,null,null,null,null,null,null,null,null,null,null,null,null,null,null,null,null,null,null,null,null,null,null,null,null,null,null,null,null,null,null,null,null,null,null,null,null,null,null,null,null,null,null,null,null,null,null,null,null,null,null,null,null,null,null,null,null,null,null,null,null,null,null,null,null,null,null,null,null,null,null,null,null,null,null,null,null,null,null,null,null,null,null,null,null,null,null,null,null,null,null,null,null,null,null,null,null,null,null,null,null,-0.043623988745711294,-0.0008163388692038787,0.03633590127849726,-0.020839488902476225,-0.019187506982220305,-0.007699042501971967,-0.05565605041556897,0.050453025101522185,null,null,null,null,null,null,null,null,null,null,null,null,null,null,null,null,null,null,null,null,null,null,null,null,null,null,null,null,null,null,null,null,null,null,null,null,null,null,null,null,null,null,null,null,null,null,null,null,null,null,null,null,null,null,null,null,null,null,null,null,null,null,null,null,null,null,null,null,null,null,null,null,null,null,null,null,null,null,null,null,null,null,null,null,null,null,null,null,null,null,null,null,null,null,null,null,0.013380102435906403,0.28100956467260935,0.09500259160945505,-0.3033199134902743,0.05310007186689507,0.06326503273621321,-0.3286462703484357,0.1968260951687455,null,null,null,null,null,null,null,null,null,null,null,null,null,null,null,null,-0.025162251069111647,0.0457700104664498,-0.009504970414306904,0.03933708709202321,-0.017632815073077363,-0.019902628277689693,-0.008853718620037618,0.08432197043263209,-0.004084026730819961,-0.027808870664508215,-0.0975598057187996,-0.052119479749351785,-0.10588701162247446,-0.0260327906971993,-0.008963918524924192,0.10109967588442086,-0.03606648700460603,-0.02911261760953222,0.0538364973885993,-0.041566972747434275,0.016396145162436895,-0.08239787553352504,-0.0480974044882551,-0.12488038907399424,-0.09232899729438922,-0.008539944565172153,0.0035636260051101942,0.01742691354098959,0.027848710309747098,-0.021563989266134113,0.02006601373591064,-0.03195968934709228,0.01948410729130721,0.01838026722813069,0.0607475705693787,0.0916895029985255,-0.021967086686791985,-0.03488244006907817,-0.07641122424491778,0.016513060064807378,0.0031582996142357446,-0.006989018871131894,0.09126569179152202,-0.014480800031677248,-0.014994971895235007,-0.026581594480684617,0.04480736590445712,-0.038394158388912025,-0.0665844960844553,-0.04207726926135352,-0.015479915059817523,-0.004235394961226256,0.04288768196713221,0.017932536861307042,-0.058004468910026044,0.030544830189787434,-0.060857164110707046,0.03963000042991741,0.008137001736178177,-0.0018544198332524965,-0.01858214201083598,0.0070915874572052215,0.02778060651129607,0.03292057428949335,null,null,null,null,null,null,null,null,0.07384702147710019,-0.0516550527993607,-0.0013979887821872693,0.026580511576350645,0.017379922838036067,0.022688769745554324,0.0502485084813225,0.009959931354080211,0.06289653967119697,0.028028707664422614,-0.053003439475630944,0.10097739045868906,-0.008808264626397388,-0.08745299024913855,0.013436656833166367,-0.00268356322656528,0.2106081048839291,0.2247579524301229,-0.303444029785473,-0.27678247652499005,-0.2759891720404046,-0.06707206002050652,