{"vocab":["\n"," ","#","*",",","-",".","/","0","1","2","3","4","5","6","7","9",":","A","C","D","E","H","I","J","N","P","R","S","T","V","W","Z","a","b","c","d","e","f","g","h","i","j","l","m","n","o","p","q","r","s","t","u","v","w","x","y","z","—"],"config":{"vocab_size":60,"n_embd":8,"n_layer":1,"n_head":2,"block_size":8},"weights":[null,null,null,null,null,null,null,null,null,null,null,null,null,null,null,null,0.04018132462862152,0.015194604050972735,0.06923815152577774,0.006762441357928566,-0.07039326994414308,-0.018109434170526288,-0.0044254231719115114,-0.015034671473447414,null,null,null,null,null,null,null,null,0.029560379404067305,0.032528788232793995,-0.027825449535949662,0.031151900580440924,-0.008887829232471223,0.012431048547510315,-0.07499824091783992,-0.004388283548976872,null,null,null,null,null,null,null,null,null,null,null,null,null,null,null,null,-0.09018933012990528,-0.09470455490261255,-0.06611393608697744,-0.024862115752047984,-0.01868646993098782,0.05098203315791008,0.11167615866905017,0.13552121337487152,null,null,null,null,null,null,null,null,null,null,null,null,null,null,null,null,null,null,null,null,null,null,null,null,null,null,null,null,null,null,null,null,-0.10634810045082478,-0.07337285902219831,-0.19459694579670905,-0.20133028801674555,-0.16172636902495416,-0.17161180623376907,0.11084760728781345,0.12113070910180292,null,null,null,null,null,null,null,null,null,null,null,null,null,null,null,null,-0.011772565548730558,-0.018482909025333782,-0.03674537649469734,0.06751081614360949,0.05894256886031734,0.018267095943399526,0.03385282929653442,0.09882753301179864,null,null,null,null,null,null,null,null,null,null,null,null,null,null,null,null,null,null,null,null,null,null,null,null,null,null,null,null,null,null,null,null,-0.04171312216432067,-0.006704367312354478,-0.04983870257101383,0.009570439599033911,-0.12297943845037514,-0.008721845090718255,0.07144988794986645,0.07217075903945155,-0.023283736089849984,-0.056344431158285725,-0.0038574932718309007,-0.05175476536494065,0.033618283869716596,-0.006704677113742097,0.03473264237334749,-0.04442737391778296,-0.025832168083095974,0.030750293158473527,-0.06147069853007922,0.03875904326058368,-0.059167326118353694,-0.009314970039911668,-0.07423935635364144,-0.026901009485935337,null,null,null,null,null,null,null,null,0.012102321299222396,0.036310739012147195,0.09038888308043959,-0.014586090914306205,0.03747188491641751,-0.032357431031464705,-0.04135740402152452,-0.04164718541623911,0.0020258442471865123,0.012968071293068172,0.05478052136423564,0.04372317584084026,0.07989213543784394,0.008979397337096807,0.04013018593844055,-0.023915946933219842,-0.08074694258680727,-0.12572214594248607,-0.13578228838014822,0.13579893232306922,0.1421362591006375,0.11912155696585208,-0.15618499219264656,-0.07654105746719816,null,null,null,null,null,null,null,null,-0.2835967752058845,-0.13140860426687695,-0.20080178521154862,-0.05064730180786112,-0.21826893946746173,0.17087041031375563,0.16370253798666576,0.05370834207513984,null,null,null,null,null,null,null,null,0.08119006562588368,-0.0640377864128562,0.03232506508240817,-0.01412432460826958,0.004072766440195608,0.0083653120883249,-0.014583784931789285,0.06397947302289005,-0.07485018043981555,0.06812189793555866,-0.061318704260355794,-0.07997035074946504,-0.019243460253526763,-0.06325521089643685,0.029783157747906942,-0.04518733929629871,-0.2345505103844563,0.09801782980694594,-0.09757693655409495,0.08258123141968297,0.08885739194036817,0.21244122720752212,0.29574869150378685,0.34293113835653144,null,null,null,null,null,null,null,null,null,null,null,null,null,null,null,null,null,null,null,null,null,null,null,null,null,null,null,null,null,null,null,null,null,null,null,null,null,null,null,null,null,null,null,null,null,null,null,null,null,null,null,null,null,null,null,null,null,null,null,null,null,null,null,null,null,null,null,null,null,null,null,null,-0.04459950970804012,0.051922151265049905,0.0025746772369599925,-0.006749953197200291,-0.09876116054734403,0.042894473372974605,0.0607508421133209,-0.026299734584040186,null,null,null,null,null,null,null,null,null,null,null,null,null,null,null,null,null,null,null,null,null,null,null,null,null,null,null,null,null,null,null,null,null,null,null,null,null,null,null,null,0.05498104588869545,0.0062592520493687685,-0.02855848598075518,-0.007451729031219738,0.018922943757862853,0.054268133782637305,0.012991447687862206,-0.041319277082840354,null,null,null,null,null,null,null,null,null,null,null,null,null,null,null,null,null,null,null,null,null,null,null,null,null,null,null,null,null,null,null,null,null,null,null,null,null,null,null,null,null,null,null,null,null,null,null,null,-0.1534011695461489,0.07335496287726664,-0.024431773382084854,-0.009502547186185498,-0.022078981929417308,0.3292429963691225,0.24303347514200657,0.30283775509678984,null,null,null,null,null,null,null,null,-0.1309658258573921,-0.143026064695313,-0.1935491692388325,-0.13996107881109152,-0.20025569155202072,0.079214063829244,0.10512594348423628,0.1646035532563284,null,null,null,null,null,null,null,null,null,null,null,null,null,null,null,null,null,null,null,null,null,null,null,null,null,null,null,null,null,null,null,null,null,null,null,null,null,null,null,null,null,null,null,null,null,null,null,null,null,null,null,null,null,null,null,null,null,null,null,null,null,null,null,null,null,null,null,null,null,null,null,null,null,null,null,null,null,null,null,null,null,null,null,null,null,null,null,null,null,null,null,null,null,null,null,null,0.03583706343808579,0.029338941052746037,-0.0017970416359058383,-0.012262127692011404,-0.0320292072799311,0.006943711088317812,0.0767128326621231,-0.041300190051928726,null,null,null,null,null,null,null,null,-0.020773098512673407,0.003781652688489565,-0.11034712401053241,-0.09634192173398139,-0.09331181643486712,0.05142100999753943,0.07345511655674201,-0.017360754790772984,null,null,null,null,null,null,null,null,null,null,null,null,null,null,null,null,0.03615001393211841,-0.05436801600724428,0.0015329869581341173,-0.023983757705572355,0.007587320262392438,0.043171938139947234,0.00040202708480229887,-0.019167206488868393,null,null,null,null,null,null,null,null,null,null,null,null,null,null,null,null,null,null,null,null,null,null,null,null,null,null,null,null,null,null,null,null,-0.11345942917455622,-0.1520525159142152,-0.1693044753510613,-0.07079831518045207,-0.1325498636079741,0.11107252519035006,0.1613353362385484,0.15495782170228092,null,null,null,null,null,null,null,null,null,null,null,null,null,null,null,null,-0.19459233573893125,-0.1242895837867616,-0.1751792361487773,-0.06143648025103594,-0.10502781362347242,0.04190799290966071,0.11827560223314261,0.1261970664180447,null,null,null,null,null,null,null,null,null,null,null,null,null,null,null,null,null,null,null,null,null,null,null,null,null,null,null,null,null,null,null,null,-0.057106911716478845,-0.006048099975346926,-0.020243510519747866,-0.07631437265338044,0.078511271229182,0.022232086716712375,0.02599086958226479,0.018581997854238422,-0.026715807482498397,0.008749033713409134,0.0011843224734570158,-0.0780993201398421,0.046312908091184685,0.07342826175531954,0.008711025666377879,-0.0011675264869467838,-0.01686784612469138,-0.02128167634607971,0.023467436499211836,-0.029065740131350708,0.050638975061881024,-0.0261555898960542,0.03510180660923282,0.05575301784357436,null,null,null,null,null,null,null,null,-0.05180468024634946,0.06151451509458362,0.025493112762263303,0.05123417080653411,0.06899288755362808,-0.05735972971283124,-0.012958265111751235,0.004311638437555558,0.07057111291776742,-0.015171468513110362,-0.0672531499767164,-0.02487851486075057,-0.008244954121541248,0.06494103634828641,0.03879587711269639,-0.06209646187633778,-0.1659543825778091,-0.10346459437508289,-0.15303404778948015,-0.13543682655875453,-0.17417947460366962,0.1418442419344222,0.13668193171636353,0.18203571746636668,null,null,null,null,null,null,null,null,-0.23109136545538192,