{"vocab":["\n"," ","#","'","*",",","-",".","/","0","1","2","3","4","5","6","8","9",":","A","B","C","D","E","F","H","I","M","N","P","R","S","T","U","V","W","Z","a","b","c","d","e","f","g","h","i","j","k","l","m","n","o","p","r","s","t","u","v","w","x","y","z","—"],"config":{"vocab_size":64,"n_embd":8,"n_layer":1,"n_head":2,"block_size":8},"weights":[null,null,null,null,null,null,null,null,null,null,null,null,null,null,null,null,null,null,null,null,null,null,null,null,null,null,null,null,null,null,null,null,null,null,null,null,null,null,null,null,0.1357504191497745,0.1374881451409158,0.14594619460939362,-0.22973583222291633,0.11473098957676928,0.08820483535090504,-0.11252372131971697,-0.08172067021248998,null,null,null,null,null,null,null,null,null,null,null,null,null,null,null,null,-0.047393493711702456,0.036219448714707066,-0.020777484104466594,-0.03992590808461289,0.013057588673754878,0.04641017541813532,0.03304151396989379,-0.016610422272951997,null,null,null,null,null,null,null,null,0.054150322816602994,0.1145299997882407,-0.06734020594770465,0.13628606568122215,-0.30824693337695463,-0.013819811155267252,-0.0024853601919818985,-0.06619255111289764,null,null,null,null,null,null,null,null,null,null,null,null,null,null,null,null,-0.18261120636928962,0.16490130956275956,-0.15904402197699463,-0.21639418771014837,0.1407380324979499,0.06953679286219014,0.1833774944750064,0.23523946423780343,-0.04694975044787754,0.010598259644530098,0.011889280771198506,-0.16139325989446196,-0.002059547635551095,-0.08047485359291308,0.044619025454976764,-0.05634217746807886,null,null,null,null,null,null,null,null,-0.11065994461057593,0.0020210979521893433,0.07096509961726749,-0.00421408504584587,-0.060172469897093336,-0.04505477747191005,-0.058318361517190664,-0.07127699636759,0.14725102571031826,0.03436017046344612,0.05067238394044071,-0.06985848905941842,-0.08191012970007133,-0.14267709239514226,0.16834491958380876,0.12653243127388908,null,null,null,null,null,null,null,null,-0.03265495935165067,0.021581482891928943,0.004220354453238855,-0.009477439956538554,0.006645336852469477,-0.062274114908076314,0.0690851761670534,-0.07659393482848485,null,null,null,null,null,null,null,null,null,null,null,null,null,null,null,null,0.06025729585991549,-0.05007361385440058,0.05934694898166967,-0.0014184111117014097,0.001348720639116401,-0.013843433492049454,-0.001508817618891012,0.004712261244516754,0.025769322244576235,0.0365455875976445,-0.13852702146768078,-0.1941099396851916,-0.05015175403581181,0.08007968458586782,0.09609179305452487,-0.02151960856377185,0.03197627506649205,0.03265815696496475,-0.06414147716982802,-0.09616549675794402,-0.010308388167980862,-0.0395939199189216,-0.03577686673141997,0.021893729329664744,null,null,null,null,null,null,null,null,0.259741551654684,0.1532359143383566,0.09856220284156882,0.010712773550394706,0.06307346510985934,-0.004197844535895139,0.12564033207058536,0.022015537126555604,-0.0818973499042802,-0.06572265767699217,0.028775806923417982,0.07476545117199607,0.02874544410085427,-0.019844151709362982,0.011247971747438896,0.06973276359239869,0.0645860993625358,0.016546871974020192,0.06892804709335515,0.03462469308551675,0.010323066348126488,-0.04827221560335113,0.0774010142749497,0.009594783036922294,-0.023904860183104174,-0.04794138218085951,-0.02092163013567033,0.05659788812786449,0.0005520122055511223,-0.061575216734814565,-0.005669735333060757,-0.02742377365565952,0.07005740107537278,0.024085732616622054,-0.004985457461625327,0.06363324049868371,0.0569745851745024,-0.025916794126675243,0.032174342697895854,-0.011642025894717047,0.029104849268404075,-0.026943903397701537,0.09892083589651555,0.060571836111757205,0.021103282704939056,0.0033153060176632112,0.09417997221036892,0.06073722730018588,0.20086157679342864,0.06732052866345888,0.06278082273101278,-0.26243175251910883,-0.020156693924035966,-0.011741518097139431,0.15812711213672612,-0.04951730840156954,-0.006918886381086385,0.061113213452098025,0.053850825485300076,0.1009482291301348,0.04348768044005702,0.055633580877190315,0.02853010772042289,-0.02386722534922219,null,null,null,null,null,null,null,null,-0.010864404282999054,-0.12177831778534934,-0.040609177284471054,-0.008955185778988444,0.032926342617009115,0.008882863322694803,-0.008474268315564313,0.0078039946026086686,null,null,null,null,null,null,null,null,null,null,null,null,null,null,null,null,-0.11605298117321139,0.07248126749500028,0.014881767466186347,0.051505503926553474,0.09431658876049699,0.07925806941682804,-0.054886948222976954,-0.028782329117848348,null,null,null,null,null,null,null,null,null,null,null,null,null,null,null,null,null,null,null,null,null,null,null,null,null,null,null,null,null,null,null,null,null,null,null,null,null,null,null,null,null,null,null,null,null,null,null,null,null,null,null,null,null,null,null,null,-0.0005529960624872921,-0.03374764104251522,-0.05589732282779744,-0.00042715557836814355,0.03204030527404385,0.017541431785515586,0.057183211115955326,0.011440336645321665,null,null,null,null,null,null,null,null,null,null,null,null,null,null,null,null,null,null,null,null,null,null,null,null,null,null,null,null,null,null,null,null,null,null,null,null,null,null,null,null,null,null,null,null,null,null,null,null,null,null,null,null,null,null,null,null,null,null,null,null,null,null,null,null,null,null,null,null,null,null,null,null,null,null,null,null,null,null,null,null,null,null,null,null,null,null,null,null,null,null,null,null,null,null,null,null,-0.04600556797765706,-0.07522355465835433,0.24570472902996396,0.04561027871398636,-0.14535343049241498,-0.1030461307482169,0.04491096122704269,0.2327607888786597,null,null,null,null,null,null,null,null,-0.10867255018264392,-0.127627617894344,-0.10254972097938767,-0.10589381835877937,0.061166434789167695,-0.13647401081874383,0.05747442790492583,0.176089939814453,-0.20338067008512606,-0.16917670258855574,0.2327096631830223,-0.1478219611072077,-0.18103147902616973,-0.10979166479159769,0.10052140805856344,0.11104817690112885,null,null,null,null,null,null,null,null,null,null,null,null,null,null,null,null,null,null,null,null,null,null,null,null,null,null,null,null,null,null,null,null,null,null,null,null,null,null,null,null,null,null,null,null,null,null,null,null,null,null,null,null,null,null,null,null,null,null,null,null,null,null,null,null,null,null,null,null,null,null,null,null,null,null,null,null,null,null,null,null,null,null,null,null,null,null,null,null,null,null,null,null,null,null,null,null,null,null,null,null,null,null,null,null,null,null,null,null,null,null,null,null,0.10751244102325527,-0.15440510392003426,0.16295937213751596,-0.14522974113731632,-0.12430922177940792,-0.10917565049608514,0.16544081757832105,-0.19176245808697504,null,null,null,null,null,null,null,null,null,null,null,null,null,null,null,null,0.016542672419162584,0.009239012415316487,-0.016869680501054595,0.035899678185087824,0.010422008178387046,-0.07916775022916132,-0.007347536527453009,0.016029950808363225,null,null,null,null,null,null,null,null,0.3501703061041361,-0.24803353953661494,0.2671036729127989,-0.28473129971544386,-0.20917362699952877,-0.1345907133695618,0.3102778869646514,-0.32610218930345947,null,null,null,null,null,null,null,null,null,null,null,null,null,null,null,null,0.029819613709240484,-0.16574910548381872,0.23788843167873538,-0.06685924969385752,-0.16795462895306404,-0.09713276730988873,0.10728414063821588,-0.2161618641690868,0.3035557512553431,-0.2938119867405388,0.2963148087376924,-0.21608772302181312,-0.2934218091974288,-0.2778964014465568,0.2187884540423473,-0.20760936128668658,null,null,null,null,null,null,null,null,0.02700558885180115,-0.002148976586052136,-0.06576078414779296,0.05568578326160626,-0.08078566166132092,0.11669824593865044,-0.009363872419271094,-0.0011935474368091194,null,null,null,null,null,null,null,null,null,null,null,null,null,null,null,null,0.02357271546400817,0.07659352500255111,0.03550752378514467,-0.041908907604565705,0.08481816487987033,