{"vocab":["\n"," ","#","'","*","-",".","/","0","1","2","3","4","5","6","7","8","9",":","A","C","D","E","F","H","I","L","M","N","P","R","S","T","V","Z","a","b","c","d","e","f","g","h","i","j","k","l","m","n","o","p","q","r","s","t","u","v","w","y","z","—"],"config":{"vocab_size":62,"n_embd":8,"n_layer":1,"n_head":2,"block_size":8},"weights":[null,null,null,null,null,null,null,null,null,null,null,null,null,null,null,null,0.19208957646387403,0.2480184210507606,0.1846002925675113,0.019741374399722587,-0.1931391735830628,0.03712161875894696,-0.0737407079256846,0.14584949755330467,-0.055266479773369535,0.012666155931931692,-0.03948867083783274,0.047266204254470666,-0.04558170992405047,0.052896137771815364,0.02338275661179921,0.06406756992554322,null,null,null,null,null,null,null,null,null,null,null,null,null,null,null,null,null,null,null,null,null,null,null,null,null,null,null,null,null,null,null,null,null,null,null,null,null,null,null,null,null,null,null,null,null,null,null,null,null,null,null,null,null,null,null,null,null,null,null,null,null,null,null,null,-0.0020874246119464246,-0.08427161342188962,0.0030146462659534023,0.023812132505799326,0.08904549138331064,0.102634818677139,-0.06642247543712142,-0.03256761889694151,-0.1916603604445398,-0.12810314600254907,0.01172573041282921,-0.0160432666943058,0.19396388516578308,-0.016597070192980824,-0.017200187862862502,-0.018373485762563903,null,null,null,null,null,null,null,null,0.01956070083727777,0.055816918684559694,-0.016054883199975886,0.06254589630662125,0.024420150803171944,-0.07264484214868575,-0.03809934351005841,-0.034198842559277444,0.040108804296105804,-0.006066240293552312,-0.023377704416937758,0.07624700928485048,0.04345023898774535,-0.04930458705032976,0.03162360108381467,0.014677427976956637,-0.10206828027320501,0.08680269625083305,0.19200051505700153,-0.17051928659559004,-0.05951523594828821,-0.11254014711343589,-0.014103749585252939,0.25136535666670856,null,null,null,null,null,null,null,null,-0.025645628937899456,0.014375723978080224,0.04416555375566802,0.029684883575461923,-0.026155823824884194,-0.03719807667842831,-0.060256893748532186,0.03543226250353037,null,null,null,null,null,null,null,null,-0.12052384094565416,0.05591193444897641,0.02024699634726943,0.05061580620646957,-0.00929377094714642,-0.04301070592077716,-0.002851044897390427,-0.04370927051286204,0.024852138412949643,0.01943942502790584,0.005558141120987336,0.05919781443894486,-0.02267613294367921,0.02589277679017023,-0.005348191432103384,-0.020367301271085624,-0.014935525502937051,0.07929619205059212,0.01011631143859077,0.0013342738742873905,0.06650498986695545,-0.03797591436360873,-0.04179870120601354,-0.08468875280448276,0.001905424397933615,-0.05315305661636007,-0.04503152992064344,-0.019639609262592613,-0.07490116308593248,0.0131553509391334,-0.010141913424268286,-0.07244460671653798,null,null,null,null,null,null,null,null,0.040303070404820646,-0.05573155119964971,0.04765168481682423,0.10387692886053607,-0.09591445285612045,-0.06449119421449631,0.006299727823125139,0.004145974702382418,null,null,null,null,null,null,null,null,-0.01826557238101156,0.04819549778854224,0.08756802539824975,0.0208691224999329,-0.060949408133163206,-0.0002543444793588634,-0.03645952123655326,0.034989730079547636,-0.21164327004143235,0.1578467530474148,0.18415973075556263,-0.16105616437301187,-0.13956739808978497,-0.16980955189291744,-0.1331272584268401,-0.2404204157844228,null,null,null,null,null,null,null,null,-0.03889993365856491,-0.0008703076680575528,0.0032845455519324674,-0.014773593286768439,-0.02551691349134954,0.015789265838046164,0.028228914615487356,0.0647855966458657,null,null,null,null,null,null,null,null,0.009016798664437466,-0.061745403926233955,-0.10305300942732126,0.018762873767222316,0.004630110944671451,-0.0003358053460776489,0.0014035574456442745,0.035160518304658765,-0.007365487360148431,-0.055041482458768394,0.005963814311295549,0.20907551810884356,-0.10074568008348171,0.1751761067153229,-0.24581440134931667,-0.1468607983325481,null,null,null,null,null,null,null,null,null,null,null,null,null,null,null,null,null,null,null,null,null,null,null,null,null,null,null,null,null,null,null,null,null,null,null,null,null,null,null,null,null,null,null,null,null,null,null,null,null,null,null,null,null,null,null,null,null,null,null,null,null,null,null,null,null,null,null,null,null,null,null,null,-0.05485101976431503,-0.03848946733137625,0.030704293397512503,0.07318129938897172,-0.10804775266149362,0.019657608340069858,-0.0417956846017287,0.08282751034860407,0.005854816883851299,-0.0255801214779523,-0.06297099545233908,-0.007628129989784274,0.03671731088251661,0.02363309027348791,-0.028680008190693496,-0.022110043787921647,null,null,null,null,null,null,null,null,null,null,null,null,null,null,null,null,null,null,null,null,null,null,null,null,null,null,null,null,null,null,null,null,null,null,null,null,null,null,null,null,0.03938276004269326,0.03259611228321496,-0.0472478951222946,0.025370103693963097,-0.03005428891455411,-0.0878748216790791,0.06678936341314244,-0.012368758734163113,null,null,null,null,null,null,null,null,null,null,null,null,null,null,null,null,null,null,null,null,null,null,null,null,null,null,null,null,null,null,null,null,null,null,null,null,null,null,null,null,null,null,null,null,null,null,null,null,null,null,null,null,null,null,null,null,-0.11178515942793452,0.05865924217618762,0.113543163388381,-0.08652172779854989,0.10185745224328535,0.10231738752392572,-0.13541259098456945,-0.010866983991648843,null,null,null,null,null,null,null,null,null,null,null,null,null,null,null,null,null,null,null,null,null,null,null,null,null,null,null,null,null,null,null,null,null,null,null,null,null,null,null,null,null,null,null,null,null,null,null,null,null,null,null,null,null,null,null,null,null,null,null,null,null,null,null,null,null,null,null,null,null,null,null,null,null,null,null,null,null,null,null,null,null,null,null,null,null,null,null,null,null,null,null,null,null,null,null,null,0.456606398525787,0.4237104482564448,0.5331562631375868,-0.43266485600937815,-0.412267432971988,0.5132930165918578,-0.47787720482283663,0.49250956579888316,null,null,null,null,null,null,null,null,null,null,null,null,null,null,null,null,null,null,null,null,null,null,null,null,null,null,null,null,null,null,null,null,null,null,null,null,null,null,null,null,null,null,null,null,null,null,null,null,null,null,null,null,null,null,null,null,null,null,null,null,null,null,null,null,null,null,null,null,null,null,null,null,0.055033527122933565,-0.01700003655826512,-0.03398777219328572,-0.0516035153841756,0.07655053182729737,0.01581589025568505,-0.016469445162114644,-0.010688458538855326,0.21124712244948896,0.1744821525633534,0.1736857085027482,-0.23429252466008588,-0.1940607621570654,0.23388703525949323,-0.12659950039877216,0.16407633196315305,null,null,null,null,null,null,null,null,0.056138462296949146,0.05814273275868608,-0.025453762192654956,-0.05022103030157913,-0.002803133883795663,0.036065581377710175,-0.007181231286472673,0.059263216337702006,0.07310275153697983,-0.04553668541850081,-0.03210484655490317,-0.07447519940274656,-0.03501136347749689,0.003211883786481238,0.03524448632582967,0.05874310821569306,0.1874369016754266,0.06303175866517632,0.1455562911577601,-0.07918733866972039,-0.11103235947876461,0.1349608317079621,-0.20199664603774525,0.18372583425830244,null,null,null,null,null,null,null,null,0.03011220569112453,0.007427921419283763,0.030996780994704595,0.05808434000217751,-0.01680640681401565,0.05249522112769725,0.020502350761623305,-0.11597433506490777,null,null,null,null,null,null,null,null,-0.031533408889424394,0.006175213803944146,-0.04051960224646209,-0.0538551529666395,0.06238216058530071,0.04182302912729455,0.05748661441550567,-0.03535951946914274,0.061828680412823335,0.02148372477030975,0.06808163441631764,0.004743197740164007,-0.048902008334561396,-0.04595568220632762,0.06035626539010206,0.015991681316026102,-0.0019183572887463464,