{"vocab":["\n"," ","#","'","*","-",".","/","0","1","2","3","4","5","6","7","8","9",":","A","C","D","G","H","I","L","M","N","P","R","S","T","V","Z","a","b","c","d","e","f","g","h","i","j","k","l","m","n","o","p","r","s","t","u","v","w","y","z","—"],"config":{"vocab_size":60,"n_embd":8,"n_layer":1,"n_head":2,"block_size":8},"weights":[null,null,null,null,null,null,null,null,null,null,null,null,null,null,null,null,-0.1530129553816853,-0.1644166169836766,0.13292125481264275,-0.1801164121154769,-0.11548176022376076,0.12645629794116361,0.09692422291020286,0.10482200280979821,null,null,null,null,null,null,null,null,null,null,null,null,null,null,null,null,null,null,null,null,null,null,null,null,null,null,null,null,null,null,null,null,-0.06408900061456178,-0.0816434200490237,0.09631419494778361,-0.1271346044833963,-0.1091162213179799,0.09088446863674378,-0.17459226858418606,0.11519498949493638,-0.03305800253665936,-0.06196966466961128,0.020243825112523702,-0.03821101509294021,-0.07477906756133768,0.027590851473422082,0.06344630109107455,-0.05141536551714546,null,null,null,null,null,null,null,null,null,null,null,null,null,null,null,null,null,null,null,null,null,null,null,null,null,null,null,null,null,null,null,null,null,null,null,null,null,null,null,null,-0.15920376460266722,0.12532948301604746,-0.04333638460084126,-0.07864885495131056,0.032674176580808977,-0.13024170764112367,-0.11628734983411161,-0.08706162568490201,-0.023685643226258952,0.041566633648640446,-0.03255392389307831,0.04834739938967683,0.01072292397772891,0.09124491187769927,0.03512161330911532,-0.03956329846784259,0.016869486427168,0.008315203604101705,-0.03800841052264298,-0.055896374516518306,-0.02842898332805083,0.0693701492051434,0.0055452465798784805,-0.013197459507056345,-0.12205232398034002,-0.12665851666960837,-0.04958804572268096,-0.12672510689946295,-0.17351951564908652,-0.18355805034281517,-0.08414816082118773,0.1140083078484839,null,null,null,null,null,null,null,null,null,null,null,null,null,null,null,null,null,null,null,null,null,null,null,null,0.0574517716102402,-0.1534111131848842,0.1141667208876279,0.13128485647978141,0.1455215028879483,-0.1773835095383414,0.13679595565249048,-0.10419776162597319,0.22056981377249152,0.09341367089394076,0.23836308442059664,0.20662961120913545,-0.18478419722403167,-0.16742823239860613,0.2650519001317317,0.17339061806015163,-0.027004379054669788,-0.024407674905001765,-0.0666453994003398,0.056567172665176704,0.02401769087572351,0.005181309590345045,-0.0065938016659819534,0.017425038428145214,0.13078775768887746,-0.17600235172306036,0.15749969700974373,0.09247749332683093,0.11289517053378598,0.1569524282561926,-0.0855686995179281,0.17667644094592533,0.004357258099503341,-0.024014829276202364,0.004743949051487277,-0.05809384200586539,0.003249013983284996,-0.004665367193789827,-0.06189368285497555,0.06632517962564727,null,null,null,null,null,null,null,null,-0.1266075030861038,-0.1077107205085816,0.26049289748611737,-0.18861217932538735,0.26476310528524655,-0.11393157362799758,0.10045495095619902,0.20931164011857606,null,null,null,null,null,null,null,null,null,null,null,null,null,null,null,null,-0.023023138273092627,-0.02984518138833966,-0.033051550170464204,0.039920066456107114,-0.03525054961400153,-0.01772719341336721,-0.024771776288656983,0.04299975017937151,null,null,null,null,null,null,null,null,0.018770483805137416,0.0031913977802391002,0.049054464833952455,-0.05535839686392839,0.020315541160600505,0.10031989552890416,0.028159811619316136,0.06647032984369709,-0.10597115798460074,-0.13335478438061263,-0.07314375324641821,-0.0929651484466077,0.07631664459270623,0.045102326787470705,0.07128696864491407,0.08386135611044439,null,null,null,null,null,null,null,null,null,null,null,null,null,null,null,null,null,null,null,null,null,null,null,null,null,null,null,null,null,null,null,null,null,null,null,null,null,null,null,null,null,null,null,null,null,null,null,null,null,null,null,null,null,null,null,null,null,null,null,null,null,null,null,null,null,null,null,null,null,null,null,null,-0.17978079012939624,0.1238007923064887,-0.14098021601105043,0.10391764432730219,0.06812692872254378,-0.06408185717191346,-0.16601250779893093,0.15920378089873877,0.018670234832051876,-0.06036655472986837,-0.041229835289262766,0.09517764901293824,-0.039278365478593556,-0.12526813146396729,-0.07278886478312041,0.03471398383580031,null,null,null,null,null,null,null,null,null,null,null,null,null,null,null,null,null,null,null,null,null,null,null,null,null,null,null,null,null,null,null,null,null,null,null,null,null,null,null,null,null,null,null,null,null,null,null,null,null,null,null,null,null,null,null,null,null,null,null,null,null,null,null,null,null,null,null,null,null,null,null,null,null,null,null,null,null,null,null,null,null,null,null,null,null,null,null,null,null,null,null,null,null,null,null,null,0.03074608919446817,0.01469935956229655,-0.05363324428113092,0.047024524384522835,0.010807636463208467,-0.026150583258790636,0.03788664675306052,0.03610511778845599,-0.08769688905354116,-0.10664103138506899,0.08707196174467986,0.08643815173276738,-0.09256683939963296,-0.07443572567980543,0.1590771607901538,-0.06262550601872835,null,null,null,null,null,null,null,null,null,null,null,null,null,null,null,null,null,null,null,null,null,null,null,null,null,null,null,null,null,null,null,null,null,null,null,null,null,null,null,null,null,null,null,null,null,null,null,null,null,null,null,null,null,null,null,null,null,null,null,null,null,null,null,null,null,null,null,null,null,null,null,null,null,null,null,null,null,null,null,null,null,null,null,null,null,null,null,null,0.12317057592990245,-0.12218501942047638,-0.1886965238912565,-0.09599910052603418,0.1020700727091049,0.17232932643425647,0.12007733227598451,0.17377042846017188,null,null,null,null,null,null,null,null,null,null,null,null,null,null,null,null,null,null,null,null,null,null,null,null,null,null,null,null,null,null,null,null,null,null,null,null,null,null,null,null,0.35890991563953384,-0.3771390241084459,-0.35929677405366406,-0.363219732277208,0.3393851626891474,0.3832123363329081,0.31555137989426624,0.3968066164088897,null,null,null,null,null,null,null,null,null,null,null,null,null,null,null,null,null,null,null,null,null,null,null,null,null,null,null,null,null,null,null,null,null,null,null,null,null,null,null,null,0.08592303650121363,-0.1872867653163319,-0.1428427751765225,-0.22740287892050529,0.21269843293863466,0.2442959140569977,0.2032551660559982,0.18896707211691893,0.01375280580300803,-0.06333561615930874,0.04165298487119031,0.04621934929548882,0.004073753012001262,0.11089435850077337,-0.062008821110725754,0.0144170656507427,null,null,null,null,null,null,null,null,0.10668418827588272,-0.12021370961292295,-0.1343457434089439,-0.18177372903748246,0.13925376913205734,0.06872450226624408,0.19707176545535468,0.08209993924016426,null,null,null,null,null,null,null,null,null,null,null,null,null,null,null,null,null,null,null,null,null,null,null,null,0.23280297974154782,-0.16734486487507888,-0.07410106713938829,-0.16230303120087564,0.1933717940600178,0.1139199243235106,0.13355951503180918,0.05323458486589112,0.15691314910177326,-0.21324251997956475,-0.14768465900813563,-0.17107991084517263,0.14162937984989193,0.09256404367539199,0.2568186562783498,0.1904163447628578,0.021094482514220695,0.049169158843071374,0.0013941235325835777,-0.06445745520623633,0.017138865104931077,0.023463454098436146,0.05770450544132167,0.01678459574474914,0.1367676313609473,-0.0681393625591118,-0.2309989543485928,-0.0976056428448087,0.08271904740011168,0.16049615995708943,0.042923155160396846,0.14367609739586926,0.07015665655604579,-0.04231875514342553,-0.04740965221699799,0.05098702965517411,-0.035687377882428886,-0.027506043221158193,-0.13180819317586437,0.014934913402189593,null,null,null,null,null,null,null,null,0.17923977585540546,-0.17948358242872814,-0.09957446904416802,-0.22370400340957672,0.1933500862091533,0.15383567561861936,0.05392101360006943,