{"vocab":["\n"," ","#","'","*",",","-",".","/","0","1","2","3","4","5","6","7","9",":","A","B","C","D","G","H","I","M","N","P","R","S","T","U","V","Z","a","b","c","d","e","f","g","h","i","j","k","l","m","n","o","p","q","r","s","t","u","v","w","y","z","—"],"config":{"vocab_size":62,"n_embd":8,"n_layer":1,"n_head":2,"block_size":8},"weights":[null,null,null,null,null,null,null,null,null,null,null,null,null,null,null,null,0.19709955470523105,-0.11508076168779753,-0.14736640776158877,0.08193739731458652,-0.10045995724337536,-0.3611005600857468,-0.3693196940392248,0.2099304761518132,0.0662904537339539,0.005073279735344265,0.01894565874830981,0.11540846190702225,-0.020369831125603657,0.007023579397403346,0.048457650449659155,0.032275095352577735,null,null,null,null,null,null,null,null,-0.06847318304161253,-0.033972492506533794,-0.04464513245679621,-0.007332934027363578,-0.011068038588223228,-0.08429454235331046,0.011789138628523262,0.06698806334053871,null,null,null,null,null,null,null,null,null,null,null,null,null,null,null,null,-0.023429722554654104,-0.008940481057071832,-0.0002869324007240337,-0.012025686818432782,0.0014627470869894665,-0.07131743526838538,0.09760293418529557,-0.01699937341591298,null,null,null,null,null,null,null,null,null,null,null,null,null,null,null,null,null,null,null,null,null,null,null,null,null,null,null,null,null,null,null,null,null,null,null,null,null,null,null,null,null,null,null,null,null,null,null,null,null,null,null,null,null,null,null,null,0.04179666353709273,-0.05863512752033865,-0.014029455617858684,-0.02209201001680805,0.032568248370445974,0.059272169107105914,0.040791180643751306,0.015555489575403172,0.0065722504209128375,-0.027508561363192605,0.06597034190651428,-0.04476278176257054,-0.13061229674032365,0.02846800218248699,0.09771002595130923,-0.0006328952038204072,null,null,null,null,null,null,null,null,0.04385206750466082,-0.019888102210844406,0.040695142874310336,-0.006293154997092661,-0.02291905622024391,0.031032415100465657,0.011265175208166625,-0.024275299198561324,-0.17769085913994512,0.10352423266616108,-0.16135928318160234,-0.15932068231645266,-0.06091006294348857,-0.19712210052350523,-0.03223221047271024,0.24778813892490922,0.10942473096504542,-0.036382434147337,0.0710179897025628,0.0765562232877583,-0.24411974621399996,0.11433305333694661,-0.1050719623946812,-0.06457216733659502,null,null,null,null,null,null,null,null,-0.054302340575500256,-0.02367442285204108,0.03758967712682299,0.05050344671594552,-0.024541999554203,-0.03597076572872334,-0.06615678411917662,-0.001378740054424572,0.03357600865863699,-0.04463284192937133,0.04759630682370613,0.023579025465087895,-0.06315244902492623,0.008414146891461591,-0.0056056811793688335,-0.03996205912357698,0.013875347039944507,-0.047230749067935916,-0.013729385829283559,-0.09712521719818655,-0.03197259414821458,-0.004910351811859002,0.07887558024093835,0.02173946649371608,-0.010315062598554229,0.033454576327377694,-0.003514654701434523,0.06612024876331354,0.006708823823302233,-0.017115999182215555,-0.021049204218771374,-0.05590884410454537,-0.05774793627553494,0.021862767741390562,-0.0030062730036204857,-0.023469867495696448,0.07276318134334908,-0.04140678789317262,-0.022301957353132753,0.02962110864581291,null,null,null,null,null,null,null,null,-0.05499126184254484,0.10868567173869323,-0.05786419385941162,0.05877278522456255,0.006883639175523513,-0.03257354886583947,0.08122414325198726,-0.019503917425702663,-0.012269325124455967,-0.00856551373313085,0.05775325323256467,0.007842083238937755,-0.022923240994594495,0.07239102806148978,0.005042644693094296,0.005801919910799392,null,null,null,null,null,null,null,null,0.01048261294171784,0.01589030939011998,0.026945958503097105,0.009227399091669426,0.036145337629414305,-0.010803137897745004,-0.046576897301734144,-0.015535571004792281,null,null,null,null,null,null,null,null,null,null,null,null,null,null,null,null,null,null,null,null,null,null,null,null,null,null,null,null,null,null,null,null,null,null,null,null,null,null,null,null,0.27554653673820784,-0.243018731019099,-0.07143357989311659,0.1022674375524623,-0.1170227224892599,-0.2408448662849143,0.06499271484283317,-0.017000944760279166,null,null,null,null,null,null,null,null,null,null,null,null,null,null,null,null,null,null,null,null,null,null,null,null,null,null,null,null,null,null,null,null,null,null,null,null,null,null,null,null,-0.053628911668948974,-0.06989469046156256,0.05922371849279763,0.043742674279901764,0.0126944229956586,-0.04485780520101292,0.0005346766779586787,0.027232541490134245,-0.07036511867131486,0.007442990992077758,-0.002846322178918571,0.13137467657573174,-0.21773789392535617,-0.003233216519767872,-0.0007340183209355248,0.009381791756400094,-0.09214942309496352,0.026504607083293184,0.26356828147376177,0.06825944796992149,0.11414548391653113,0.07177376464031045,-0.08711499246439636,-0.010886887355279219,null,null,null,null,null,null,null,null,null,null,null,null,null,null,null,null,null,null,null,null,null,null,null,null,null,null,null,null,null,null,null,null,-0.1812218263044327,0.17667667251119668,-0.22595884549610074,0.1751810229530445,0.10129271852964374,0.1296597804458151,0.19550122271040504,-0.12555131593359353,null,null,null,null,null,null,null,null,null,null,null,null,null,null,null,null,null,null,null,null,null,null,null,null,null,null,null,null,null,null,null,null,null,null,null,null,null,null,null,null,null,null,null,null,null,null,null,null,null,null,null,null,null,null,null,null,0.06161129851695996,-0.09181893107283522,0.0475650687871017,0.007418402303432004,-0.001850128749556248,-0.013534638787294356,0.05515299900796393,0.011451023912282211,-0.04686627334981085,0.011622246654420288,0.03777332316791277,0.009175158867595599,0.09188758203811037,0.02920520100568183,0.0003050296163242905,-0.04915291771415076,null,null,null,null,null,null,null,null,null,null,null,null,null,null,null,null,null,null,null,null,null,null,null,null,null,null,null,null,null,null,null,null,null,null,null,null,null,null,null,null,null,null,null,null,null,null,null,null,null,null,null,null,null,null,null,null,null,null,null,null,null,null,null,null,null,null,null,null,null,null,null,null,null,null,null,null,null,null,null,null,null,null,null,null,null,null,null,null,0.22197377695794376,-0.10676071817361378,0.09464337851294176,0.2826765347280453,-0.00900003568861908,-0.31539698770980135,0.11891011750188467,0.25585509110650984,0.0263434847871676,-0.011288009574296699,0.03254354464512076,0.031822847158281674,-0.058214528934655174,0.04476038126552965,-0.009229249668173125,-0.052135649116665274,null,null,null,null,null,null,null,null,-0.003481484559943855,0.07643291282969195,0.01616124881066803,-0.00420843790059882,0.0336440094476334,-0.021031048937721,0.15181425308111024,-0.011648369901427138,null,null,null,null,null,null,null,null,null,null,null,null,null,null,null,null,0.046916213536039954,0.009247212301776884,0.022230954726876605,-0.031471456499747336,-0.03545912705335777,0.052712974486110654,0.018768810272566334,-0.011307830462965995,null,null,null,null,null,null,null,null,null,null,null,null,null,null,null,null,null,null,null,null,null,null,null,null,null,null,null,null,null,null,null,null,null,null,null,null,null,null,null,null,null,null,null,null,null,null,null,null,null,null,null,null,null,null,null,null,0.007916075398001751,0.008172164443271122,0.011189809363849649,0.07542743020927355,0.026256610440742813,0.010240552547945363,0.02069698902335471,-0.00869966766104996,-0.041154553473873555,0.05687424759138615,0.026303343497700808,0.016672209252983947,0.010109370421741204,-0.0019285332135278743,-0.059491567147893124,0.027459752025731986,null,null,null,null,null,null,null,null,-0.09420489956894847,-0.0033124486929060914,-0.03679450735714428,0.005166603619570438,0.0928692695460002,0.015029957831186814,-0.1050468723554753,-0.07084424080003172,null,null,null,null,null,null,null,null,0.342624704714979,0.09444547918638176,-0.26819244531163383,0.20048977731194373,