{"vocab":["\n"," ","#","'","*",",","-",".","/","0","1","2","3","4","5","6","8","9",":","A","B","C","D","E","H","I","K","L","M","N","O","P","R","S","T","V","W","Z","a","b","c","d","e","f","g","h","i","j","k","l","m","n","o","p","r","s","t","u","v","w","x","y","z","—"],"config":{"vocab_size":65,"n_embd":8,"n_layer":1,"n_head":2,"block_size":8},"weights":[null,null,null,null,null,null,null,null,null,null,null,null,null,null,null,null,null,null,null,null,null,null,null,null,null,null,null,null,null,null,null,null,null,null,null,null,null,null,null,null,0.1338332569065711,-0.029441558164772594,0.14062960574441907,-0.10609341234231369,-0.12433323576254778,-0.09983991024134549,0.10605806024062522,-0.1637950004099081,null,null,null,null,null,null,null,null,null,null,null,null,null,null,null,null,null,null,null,null,null,null,null,null,null,null,null,null,null,null,null,null,null,null,null,null,null,null,null,null,null,null,null,null,null,null,null,null,0.031209168758792958,-0.00767672691708535,0.027938067559033292,0.00037788300253630783,0.006791099357579995,-0.022971249227602505,0.03740426661328392,0.0009136477540567967,0.01861546753350332,-0.06466247766146363,0.03349970193383925,0.07829542261744862,0.11452393382026933,0.049375420053382975,-0.011778430474824636,0.10297998163553927,null,null,null,null,null,null,null,null,null,null,null,null,null,null,null,null,-0.037866510168125166,-0.023591678244611263,0.003181436836960927,-0.017746940085767146,0.029546850475658495,0.038822912844867156,-0.02867509699943801,0.060830297675940205,null,null,null,null,null,null,null,null,null,null,null,null,null,null,null,null,-0.0009991982202439509,0.0647983697703286,0.0014131532930784375,0.04861295214927495,-0.04483858203540564,-0.04460534166781988,-0.07605233903209593,-0.047473852046041445,-0.01501900736037861,-0.005892094969207058,0.029743207628135232,0.058596434437309955,0.011242710779171503,0.013706343109019557,0.10024552920157387,-0.05981730889517337,null,null,null,null,null,null,null,null,null,null,null,null,null,null,null,null,null,null,null,null,null,null,null,null,0.07143567992068121,0.005946890065278368,-0.0647915690313554,-0.10661107443122417,-0.01557176021390088,-0.025703946956205145,-0.01960438477656835,-0.0560304763439335,null,null,null,null,null,null,null,null,-0.000860270642874319,0.02842817664062402,-0.013683955427252741,0.022316325256460167,-0.0639662444013052,-0.02831733434399892,0.04533558616147829,-0.041578412855080064,-0.04083764341030904,0.11468076157875018,-0.07821829588371866,-0.08050051091383707,-0.015064103342772608,-0.0055269836907889495,0.021966519925671585,0.050523010694145255,null,null,null,null,null,null,null,null,-0.0900657089881728,-0.17236041168164412,0.12687086562670602,0.06103133208839792,0.1345776609891595,0.05497271235111926,0.1290725222600121,-0.048403683322071116,null,null,null,null,null,null,null,null,0.13538549147995735,-0.2205874747798044,0.21808981877410422,0.14989605895238808,-0.21124896640456436,0.18266113900062084,-0.1414649201131571,0.16244924322319715,-0.017144395533202506,0.01583600342628074,0.016539402105653238,-0.02201765479486442,0.007265717488431101,-0.047806515158119574,-0.04154513647372921,-0.0497867680947029,null,null,null,null,null,null,null,null,-0.0986220509936735,-0.12660880069673033,0.06057204891846734,-0.05792154255042226,0.062251803800838466,0.1430672346423303,0.06255702941311118,-0.08515629923102422,-0.04895316717197359,-0.0715227513574544,-0.12413893603559477,0.030950806856237207,-0.04330732877259054,-0.002618034392180082,-0.046791195380829737,0.020807837552258093,0.019882038374970747,-0.013674707074994163,0.004943592698115502,-0.03615563050193577,0.05162799461850241,0.05166835141717357,-0.00006967388293581678,0.005324643247425129,null,null,null,null,null,null,null,null,null,null,null,null,null,null,null,null,null,null,null,null,null,null,null,null,null,null,null,null,null,null,null,null,null,null,null,null,null,null,null,null,null,null,null,null,null,null,null,null,null,null,null,null,null,null,null,null,null,null,null,null,null,null,null,null,null,null,null,null,null,null,null,null,null,null,null,null,null,null,null,null,-0.004666814907250103,-0.005576213688789586,0.12358768178969307,0.05137986784006291,-0.0067371131073732824,-0.026399499886304502,0.03443642870675113,0.0031079581401272094,null,null,null,null,null,null,null,null,0.13437947971542213,0.1572346094595807,0.04084404841570215,0.014362460994369025,-0.11869938643400996,0.08851490730760943,-0.03026861418844667,-0.14734228078305275,null,null,null,null,null,null,null,null,null,null,null,null,null,null,null,null,null,null,null,null,null,null,null,null,null,null,null,null,null,null,null,null,null,null,null,null,null,null,null,null,null,null,null,null,null,null,null,null,null,null,null,null,null,null,null,null,null,null,null,null,null,null,null,null,0.023015559732519463,-0.018558927226755388,0.058654172990049075,0.12581280880331813,-0.08442842655568046,0.01954742243901514,-0.005351017290312452,0.0843802665623963,null,null,null,null,null,null,null,null,-0.037705261299530564,0.036762900570086646,0.05313899506890131,0.03115830838447266,0.02168111817587288,0.03452045085959298,-0.04009485347996037,0.03253711744355961,null,null,null,null,null,null,null,null,-0.22169517137063527,0.12203864150428656,-0.13225007634465386,-0.17810339035433753,0.10752065924344072,0.1495452153751081,-0.15717335388149814,-0.19337211207250252,null,null,null,null,null,null,null,null,null,null,null,null,null,null,null,null,null,null,null,null,null,null,null,null,null,null,null,null,null,null,null,null,null,null,null,null,null,null,null,null,null,null,null,null,null,null,null,null,null,null,null,null,null,null,null,null,null,null,null,null,null,null,null,null,null,null,null,null,null,null,null,null,null,null,null,null,null,null,null,null,null,null,null,null,null,null,null,null,null,null,null,null,null,null,null,null,null,null,null,null,null,null,null,null,null,null,null,null,null,null,null,null,null,null,null,null,null,null,null,null,0.19245573587498974,0.1241092765878408,-0.11203016644306572,-0.2706979017604,-0.14334979441544562,-0.06231645503480129,0.18576846306113198,0.17548005063373473,null,null,null,null,null,null,null,null,null,null,null,null,null,null,null,null,null,null,null,null,null,null,null,null,null,null,null,null,null,null,null,null,null,null,null,null,null,null,null,null,null,null,null,null,null,null,null,null,null,null,null,null,null,null,null,null,-0.009692536352790118,0.021872364456295586,-0.031265422794394024,-0.03377896132414668,-0.02383433177218107,0.01853017948243412,0.05347114339728634,0.007512538966331306,null,null,null,null,null,null,null,null,null,null,null,null,null,null,null,null,0.08524770649983218,0.038411621624341696,0.056649441316649174,-0.0035770538625931004,-0.047391794790613846,0.05523164626654342,-0.03634053181391284,0.06092378877629827,null,null,null,null,null,null,null,null,null,null,null,null,null,null,null,null,0.16387332032646057,0.156774613243588,0.1855564569402902,0.18411051517610108,0.16086072186927564,-0.19890742501641512,-0.22566423948725467,0.1795564062803818,0.07341953767768679,-0.031186260151653808,0.0071398556792802385,0.018713120906347882,-0.02820748825984328,-0.021270788824756297,-0.005736808299627328,0.00545100651077874,null,null,null,null,null,null,null,null,null,null,null,null,null,null,null,null,null,null,null,null,null,null,null,null,0.04325558429716637,-0.03160284098580052,-0.04636338620326548,-0.03264852052600011,0.04400149472440219,-0.01288445114406624,0.03656582206275559,-0.06213183010321023,null,null,null,null,null,null,null,null,-0.053438022688788646,0.021620084459471087,-0.01378596310269936,-0.08938732221150536,0.005094675660525638,-0.10838806171377703,0.035382562055583974,-0.0498725949236705,0.07470727135653242,0.03503394348009629,-0.054875207431806315,0.004116035003693703,-0.022439925567632493,-0.03274326418058331,0.03426516718194783,-0.0514581894058772,null,null,null,null,null,null,null,null,-0.16925660623750155,