{"vocab":["\n"," ","#","'","*",",","-",".","/","0","1","2","3","4","5","6","8","9",":","A","B","C","D","E","H","I","M","N","O","P","R","S","T","V","Z","a","b","c","d","e","f","g","h","i","j","k","l","m","n","o","p","r","s","t","u","v","w","y","z","—"],"config":{"vocab_size":61,"n_embd":8,"n_layer":1,"n_head":2,"block_size":8},"weights":[null,null,null,null,null,null,null,null,null,null,null,null,null,null,null,null,null,null,null,null,null,null,null,null,-0.02129078210391006,-0.08959352040955999,-0.0035406272347417024,-0.008782157128280713,-0.010432179244372612,-0.0020273176469450503,-0.03957957491884047,-0.010611455278177574,null,null,null,null,null,null,null,null,0.018780447953706626,-0.02119970901939215,0.014771558482929308,0.016842362797987533,-0.021573275718361432,0.03717869581560617,0.08681458527619135,-0.0010759239762858997,null,null,null,null,null,null,null,null,null,null,null,null,null,null,null,null,-0.25915144110361593,0.20769759906955598,0.1756583594664198,0.21103602431082855,0.26808478084563386,0.17968235908161928,0.1900942280795024,-0.24641786988197892,0.13012729124285205,-0.18944657365918324,0.13600258126976686,-0.1495302454987335,0.15196381858096203,-0.12055798068544646,0.13225946806815575,-0.173118710720729,0.21101264597445124,-0.07473193001020641,0.17373299291032362,0.17135764883738974,0.14738550299614647,-0.14434150081897992,-0.09877271081748147,0.12519651540861276,-0.20330507251412322,-0.1170602494247853,-0.10836129310049739,-0.17387519223500306,-0.14926317414776769,-0.15722984205196083,0.12210327812105654,-0.19611106460369945,-0.09308353777957823,-0.1472775624895272,0.19029191318798205,0.21594417144243724,-0.08141109474565858,-0.14426179047537388,0.11646324306581494,0.10435813101693886,0.032595289667044655,-0.01939929970532962,0.006367339504752465,0.042754700471660495,-0.04413550171120278,-0.04941492835145093,-0.003786569131019437,-0.02692849341405049,null,null,null,null,null,null,null,null,-0.09278101882560014,0.0788258341641103,-0.052504961634713396,0.03557415737409521,0.031413899601200015,-0.02222009461749586,-0.04031105153626591,0.011657695586549437,0.0015618407617537856,0.03300229104247407,0.015895859695570884,0.03244812827087721,0.04367991032141042,0.02410352776865892,-0.07386579365469441,0.04484002791298949,null,null,null,null,null,null,null,null,0.06989635872065741,-0.04630672772485474,0.12532161523959012,-0.0775809354428061,0.15202072993425556,0.1693787626238062,-0.15557129744351397,-0.00829850383224011,null,null,null,null,null,null,null,null,0.07358193246459481,0.13932373334277415,0.17631707165527866,-0.05508624105595698,0.06301950073512823,-0.1383056981252699,0.07442549179994434,0.04834398107106479,-0.046309926488807295,-0.25769223866612256,0.27956812554056293,-0.1268090397983563,0.011478282021287315,-0.02911713923529968,0.038865271083887334,-0.033132380761093524,0.08070045763395609,0.08537870379318925,-0.0025730818114073272,-0.00015531204714692493,0.06747907438900434,-0.0457717239709244,0.0015818222149322737,-0.06859999565101985,-0.08987345280201343,-0.10180229063389247,0.19967333047920183,-0.11298616888429977,-0.12661976984484868,-0.12777880776113282,-0.05805432275000415,0.11966846167223051,null,null,null,null,null,null,null,null,-0.18361945564951404,-0.11101507676488885,-0.17359085607592115,-0.2067687497771906,-0.1955629546100807,-0.08833852612129868,0.12999196794106363,-0.10090610943702098,null,null,null,null,null,null,null,null,null,null,null,null,null,null,null,null,-0.0792348564838166,-0.01610434711718652,-0.04483194503305052,0.03303754441936796,-0.016122474963867112,-0.0018623149506958292,0.03609130248480142,-0.04716624441989982,0.05915882073950236,-0.053150851958372484,-0.0655780944278072,0.03905831046505447,-0.05779749612561636,-0.061659196181134954,-0.03633953954707469,-0.08062890029536192,null,null,null,null,null,null,null,null,0.03283419989569879,-0.012684508066180591,0.014287183868598419,0.02509483351368374,0.012622714322650807,0.0499088321365479,-0.09124923450314673,-0.000771406712569096,null,null,null,null,null,null,null,null,-0.14787616504366388,0.09488692601745581,0.10892466663521859,-0.1074297139809676,0.18740292842874204,-0.1260611085512956,0.19308691387093838,0.1497407146863948,null,null,null,null,null,null,null,null,null,null,null,null,null,null,null,null,null,null,null,null,null,null,null,null,null,null,null,null,null,null,null,null,null,null,null,null,null,null,null,null,null,null,null,null,null,null,null,null,-0.07800682571098966,-0.17594371957485053,0.05531328551006108,-0.03171339838241827,0.17723989599063653,-0.1639358070582826,-0.057589243011066694,0.1495159364834174,null,null,null,null,null,null,null,null,null,null,null,null,null,null,null,null,null,null,null,null,null,null,null,null,-0.006963322682309148,0.08149548677928077,0.014161430937535613,0.00767480986604884,-0.025112508886068436,-0.032209896534345486,-0.01379529328876842,0.014972026194691566,0.08885006082191564,0.12297931975764681,0.09575488685826412,-0.056679458370502485,-0.07052726895330211,0.0025832605690601926,0.06091293419499788,0.016528834158497197,null,null,null,null,null,null,null,null,null,null,null,null,null,null,null,null,null,null,null,null,null,null,null,null,null,null,null,null,null,null,null,null,null,null,null,null,null,null,null,null,null,null,null,null,null,null,null,null,null,null,null,null,null,null,null,null,null,null,null,null,null,null,null,null,null,null,null,null,null,null,null,null,null,null,null,null,null,null,null,null,null,null,null,null,null,null,null,null,0.016830716890230885,0.06959167032956726,0.2008631544365499,-0.07192303694558125,0.10830855890760649,-0.04912080532550238,0.06140909700386971,0.2003818249473648,0.11765321861471201,-0.09684240225664664,-0.10370838264409335,-0.07807088028873886,0.16446837502057077,0.13961057977977775,0.17058594123871082,-0.14963594330713245,null,null,null,null,null,null,null,null,null,null,null,null,null,null,null,null,null,null,null,null,null,null,null,null,null,null,null,null,null,null,null,null,null,null,null,null,null,null,null,null,null,null,null,null,null,null,null,null,null,null,null,null,null,null,null,null,null,null,null,null,null,null,null,null,null,null,null,null,null,null,null,null,null,null,null,null,null,null,null,null,null,null,null,null,null,null,null,null,null,null,null,null,null,null,null,null,null,null,null,null,null,null,null,null,0.006292244662646241,0.010381503349623315,-0.0017556966970342636,0.04677800426376422,0.03153526246965686,0.009315253161333033,0.02848323298694247,-0.11578992924148249,null,null,null,null,null,null,null,null,0.02793464520196089,0.028964496614932857,0.022340569623926925,-0.0526329270998304,0.07845319220015305,0.005174101379069675,0.051438066906889866,0.02529947801742452,null,null,null,null,null,null,null,null,null,null,null,null,null,null,null,null,-0.23528688916071894,-0.23308695529454143,-0.21965044961776142,-0.1207131549916013,-0.16481806766940826,0.17420200477392672,0.14218354084040474,-0.08844278952669254,-0.11822029616755364,-0.15868679564660276,-0.11455965272580527,-0.11690833293248167,-0.0895806162625141,-0.14417735805786183,0.14141197724011,-0.13141035481504493,-0.23360361966054013,-0.10296843635636914,-0.13789021130858983,-0.10862878161795528,0.20288917276700016,-0.0801022582670812,0.22578087232244512,-0.11156903676648677,-0.18113892175741056,-0.18129336227634815,-0.11817951293397973,-0.1555918958741728,-0.07444442488693775,-0.27399454242238214,0.21072487910822263,-0.21528015385085533,-0.10193489396740978,-0.21257958831604595,0.21999700113131335,-0.14793800621328024,0.18641308175775295,-0.12301130119633626,0.16698094247972542,-0.15364435549077457,-0.007756484512478909,0.08209568777871652,0.011547294558757954,0.04191493680504614,0.015022444032786525,0.004206077747049193,0.031008826182696157,-0.00705601235864469,null,null,null,null,null,null,null,null,0.07312211079005415,-0.08755621967303112,0.012910936384216925,-0.039662493626576104,-0.019696517184178097,0.04437695464257196,0.010039402283758605,