{"vocab":["\n"," ","#","'","*",",","-",".","/","0","1","2","3","4","5","6","7","9",":","A","B","C","D","E","H","I","L","N","P","R","S","T","U","V","Z","a","b","c","d","e","f","g","h","i","j","k","l","m","n","o","p","r","s","t","u","v","w","x","y","z","—"],"config":{"vocab_size":62,"n_embd":8,"n_layer":1,"n_head":2,"block_size":8},"weights":[null,null,null,null,null,null,null,null,null,null,null,null,null,null,null,null,null,null,null,null,null,null,null,null,-0.005101143166454936,0.06981034748875928,-0.0031003708465360802,-0.034969204505354644,0.0014396945846426945,-0.028367375963537587,0.07405600000375799,-0.012211051449390898,null,null,null,null,null,null,null,null,0.018831283401135865,-0.0386506726893369,-0.07933712665761462,-0.026539857791086644,-0.047073423199437414,0.005666077693169065,-0.04908764814170322,0.018382543703432647,null,null,null,null,null,null,null,null,null,null,null,null,null,null,null,null,null,null,null,null,null,null,null,null,null,null,null,null,null,null,null,null,null,null,null,null,null,null,null,null,null,null,null,null,null,null,null,null,null,null,null,null,null,null,null,null,null,null,null,null,null,null,null,null,null,null,null,null,null,null,null,null,null,null,null,null,null,null,null,null,-0.06217283078891379,0.050900533456795,0.07573009588932045,0.03310131938002321,0.05367722274340874,0.02377867721765398,0.00570474452883957,-0.059285117003160435,-0.020190755712086794,-0.04821653832514615,-0.008131657515650535,-0.03131689602985549,-0.000048113914462835084,0.07986275195821954,-0.032903960014582304,0.03972721512630411,null,null,null,null,null,null,null,null,-0.056456589984571384,-0.020372416524632123,-0.06959385092797543,0.07936652682383014,0.00757299666075621,-0.010668081461811188,-0.04536309924151887,-0.05648495340200455,0.03910830736332215,-0.04169858264195776,-0.08716954370284928,-0.04390350304862272,-0.06114282924928885,-0.06951004328471237,0.04509441426849719,-0.018452550158761127,null,null,null,null,null,null,null,null,0.06601021729775602,-0.07195348902099964,0.011890810551463033,-0.062438525363822245,0.03711563565324255,0.05904834972788898,0.044197194507807326,0.056632965964631306,null,null,null,null,null,null,null,null,-0.025279430615978687,-0.030479383559157133,0.016642000491193906,0.0661816593474651,-0.02637376146111352,-0.038582852656503075,0.002372954598017216,-0.0171998107947263,0.013453512583522098,0.03322919430887481,-0.021551131492049028,-0.058065663779565464,0.011725282074208821,0.018933917629365027,-0.08276107617497984,0.08348627500159121,0.02350103326656335,0.03666396886478111,-0.014965375032503178,0.04349661602643675,0.031838642262389104,0.04650084356659903,-0.049585389444846674,0.010303261185796657,0.052279369773782704,0.032372153351924136,-0.023078496009663958,0.03328075713118299,-0.04641781699221111,-0.10119025488363752,-0.024578654220638648,-0.04380893294249949,0.017563428462486427,0.00221023692681662,-0.031677406049152576,0.014623904534756918,-0.06858038086939965,-0.04241775747069489,-0.02058569792771463,-0.04360614346385967,-0.05177292972979773,-0.018812270667724073,-0.04832024360551268,-0.024084777444514316,-0.0022143824049525485,-0.04712704262958452,0.03636992683589007,-0.022676249648599302,null,null,null,null,null,null,null,null,null,null,null,null,null,null,null,null,-0.01810344136108107,0.018863716251737515,0.007255028625485664,-0.02363253216563459,0.06478553472564151,-0.009332854765683206,-0.03610900286071335,-0.00024502644860284305,null,null,null,null,null,null,null,null,0.29099834698906446,0.02517539625412583,-0.003683619952560824,0.11886276726209556,0.2541881332527521,0.06654944517891101,0.005049655155677682,0.05848349020609016,null,null,null,null,null,null,null,null,null,null,null,null,null,null,null,null,null,null,null,null,null,null,null,null,null,null,null,null,null,null,null,null,null,null,null,null,null,null,null,null,0.2633107025786725,0.09755250972183155,-0.2268895136799447,0.1765588998896735,-0.21400988777067484,-0.2275601775351432,-0.24479388590473358,0.2887625139565408,null,null,null,null,null,null,null,null,null,null,null,null,null,null,null,null,null,null,null,null,null,null,null,null,-0.005019126454943468,-0.06743960694982855,0.04913030445278459,-0.1021675529252906,0.030475696697981967,-0.02327849344814984,-0.01952169185748044,-0.0011152057690950556,-0.005512439503357971,-0.010732200538618529,0.04931988116040589,-0.027436456970250305,-0.06661634576859615,-0.03270545566845348,0.05298206457885421,-0.03630695723351522,null,null,null,null,null,null,null,null,null,null,null,null,null,null,null,null,null,null,null,null,null,null,null,null,null,null,null,null,null,null,null,null,null,null,null,null,null,null,null,null,null,null,null,null,null,null,null,null,null,null,null,null,null,null,null,null,null,null,null,null,null,null,null,null,null,null,null,null,null,null,null,null,null,null,null,null,null,null,null,null,0.36568826812417554,0.2684447014230445,0.08473887200208545,0.23234047890143078,0.05242384782974087,0.01470226875069085,-0.019134814553152486,-0.03769441772889748,null,null,null,null,null,null,null,null,null,null,null,null,null,null,null,null,0.097010151256394,-0.09952357070474875,-0.016970655800655744,-0.04816821370605489,-0.054945592713436436,-0.07395383936989362,0.02882779009959446,-0.01667926246456011,null,null,null,null,null,null,null,null,null,null,null,null,null,null,null,null,null,null,null,null,null,null,null,null,null,null,null,null,null,null,null,null,null,null,null,null,null,null,null,null,null,null,null,null,null,null,null,null,null,null,null,null,null,null,null,null,null,null,null,null,null,null,null,null,null,null,null,null,null,null,null,null,null,null,null,null,null,null,null,null,null,null,null,null,null,null,null,null,null,null,null,null,null,null,null,null,null,null,null,null,null,null,null,null,-0.08034999168088806,-0.01681993483232393,0.05633187978129378,0.06436570552733337,0.013192655370123915,-0.02442886631735826,0.0776478333671793,0.05323058637279928,null,null,null,null,null,null,null,null,-0.016014060014976864,-0.013517346586245331,0.0016169567673892972,-0.004159694587504888,0.08745120772220531,0.0333490481416365,-0.023047560388191998,0.05264206844066468,null,null,null,null,null,null,null,null,null,null,null,null,null,null,null,null,null,null,null,null,null,null,null,null,null,null,null,null,null,null,null,null,null,null,null,null,null,null,null,null,null,null,null,null,null,null,null,null,null,null,null,null,null,null,null,null,null,null,null,null,null,null,null,null,null,null,null,null,null,null,null,null,null,null,null,null,null,null,null,null,-0.09301541358126589,-0.05273345066267858,-0.03220562953849265,-0.010423719202673869,0.031651622198802014,-0.0561974576780924,0.052531590555272095,0.037403197390983606,0.04285671601583374,0.03249891938230619,-0.08553436587868582,-0.11959179668027022,-0.006421946292642335,0.05935368311132532,0.048137283945772755,-0.0005591762076316442,null,null,null,null,null,null,null,null,-0.024125767447701278,-0.05730537960924908,-0.046617463025443284,0.04236115947815936,0.004337914069207685,0.02916705645593325,-0.06277908205275252,0.08749295759163517,0.06505595809545824,-0.023439977384691987,0.009215163985191416,-0.0011231841098214802,-0.015495654985352499,-0.031119622198015603,0.012243593419476681,0.02878146000258095,null,null,null,null,null,null,null,null,-0.01971828938983988,0.030984515189814488,0.07658439152088149,-0.022636568011118553,0.0050308415351179294,0.014859669676622715,-0.024915436798480392,0.09603165827522475,null,null,null,null,null,null,null,null,0.0304301290595663,-0.015699082999004972,-0.007059462418091531,-0.00850588963641405,-0.04771132369776151,-0.10309275110688797,-0.02548747877565857,0.0685134924659812,0.01920177361020535,-0.0325206837491627,-0.0060361589179361635,-0.023109327540963384,0.07239112525354038,0.014407481253475964,0.011102178478640354,0.005056511466312053,-0.06841406841328222,-0.004261099429999451,0.04726552652886433,0.07023649800068675,-0.03592908289476276,