{"vocab":["\n"," ","#","'","*",",","-",".","/","0","1","2","3","4","5","6","8","9",":","A","C","D","E","F","H","I","L","N","O","P","R","S","T","V","W","Z","a","b","c","d","e","f","g","h","i","j","k","l","m","n","o","p","r","s","t","u","v","w","x","y","z","—"],"config":{"vocab_size":63,"n_embd":8,"n_layer":1,"n_head":2,"block_size":8},"weights":[null,null,null,null,null,null,null,null,null,null,null,null,null,null,null,null,-0.006190822230355302,-0.013944894705148876,-0.03928340580184452,0.05061019146837563,0.07507461193378344,0.04353138069495685,0.07041041578245548,0.001350191294046965,null,null,null,null,null,null,null,null,null,null,null,null,null,null,null,null,null,null,null,null,null,null,null,null,null,null,null,null,null,null,null,null,null,null,null,null,null,null,null,null,-0.1448043836156859,-0.12695472645208378,0.0015211453275638278,-0.16006050575239505,-0.17711466350732505,0.15951707823997638,0.08059616138984807,0.10091985952993203,null,null,null,null,null,null,null,null,null,null,null,null,null,null,null,null,null,null,null,null,null,null,null,null,null,null,null,null,null,null,null,null,null,null,null,null,null,null,null,null,0.06929822121377704,0.004566374619574844,0.005145134738222836,-0.02075172547322854,-0.06324830441748625,-0.00224278746802721,0.029117625743411823,-0.04061950874672791,null,null,null,null,null,null,null,null,-0.07399914310114782,-0.02455918096544382,0.018787974352117515,-0.0744615923895028,-0.0025122629575852072,-0.022435739815005035,0.02092374745262422,0.031212400316415874,0.02163931582846466,0.04794986034674576,0.07564199843985733,-0.08328194719985783,0.054562131445633426,-0.06152026261700073,-0.029773985587395444,-0.003523162128713917,null,null,null,null,null,null,null,null,0.07044862946603353,0.0009159755760992283,-0.009404308283600216,-0.033161235251066026,0.009974120510043817,-0.029891036671458444,-0.012042670365331283,-0.03021687433127065,null,null,null,null,null,null,null,null,null,null,null,null,null,null,null,null,0.03594470487607638,0.03949826400682964,-0.05671625057057343,0.06441432933059323,-0.10532351696687199,-0.09503302460571808,0.1310832453676278,0.09920213982643293,-0.05213145893782624,-0.028089198050235832,-0.0030016908485059448,-0.01547825582009123,-0.08663414387361443,-0.029291951624490553,-0.002829235573145059,-0.01783299579994015,0.007095242840384124,-0.022176461816956098,0.028421307243049795,-0.033002764372422534,-0.06238031362336175,-0.007490860061473583,0.04121099724596732,0.0373493526581742,null,null,null,null,null,null,null,null,-0.020182628684753182,0.021458626616385104,-0.02172756980915015,0.034825127097081715,0.020907687390604297,0.021826381098200186,0.01385563047370681,-0.04596628093543421,-0.0010889675786262033,-0.04782598861841823,0.0006213878091609715,0.07919285819706814,-0.013576191381688254,0.049506632269798845,-0.031906623273740976,-0.10064832489670524,-0.04652161676899038,0.022728334938864662,0.07147241896839518,-0.012899707061278463,-0.012651284936868575,-0.0020018771443366568,0.023086237160836055,-0.0038358348999606483,-0.035859553881127354,-0.10272673236483237,-0.022922157203664088,0.019761161777830657,-0.0551744734973675,-0.09312441215097493,-0.014413671668232606,-0.049078002716037156,null,null,null,null,null,null,null,null,0.07730859847542433,-0.02569529023157051,-0.07798298945421009,0.01798528888215575,-0.05308743360152434,0.022570064217783497,-0.014275547164570385,0.0677107283659437,0.07921503534222481,-0.07049937274325047,-0.032627013959377234,0.035298567520276124,0.05759812721739884,-0.07035351457446311,-0.030483733435487236,0.008577485320883298,-0.08376190455267075,0.028786465297336434,-0.003452773949563319,-0.022244571797845544,-0.08893088070692606,0.01034454927989195,-0.004212058721698444,0.02088386377728842,-0.0007214479740979307,0.0463681712111962,-0.00471684028545047,-0.05647644679086881,-0.017249167624793067,0.0037229636125623244,0.030069200132144758,-0.023872914909724745,null,null,null,null,null,null,null,null,null,null,null,null,null,null,null,null,0.027010272254897813,-0.015320535350354643,0.000930274518056251,0.019979878547502175,-0.04872432521416894,-0.00292589226193968,-0.0015176535217485744,-0.057548471363778476,null,null,null,null,null,null,null,null,null,null,null,null,null,null,null,null,null,null,null,null,null,null,null,null,null,null,null,null,null,null,null,null,null,null,null,null,null,null,null,null,null,null,null,null,null,null,null,null,null,null,null,null,null,null,null,null,null,null,null,null,null,null,null,null,-0.03046403253023051,0.022486247840775703,0.04195987962190742,-0.05885981620058638,0.019116550024513686,0.04868011242433589,0.07560076003037419,0.05859090214768244,null,null,null,null,null,null,null,null,null,null,null,null,null,null,null,null,null,null,null,null,null,null,null,null,null,null,null,null,null,null,null,null,null,null,null,null,null,null,null,null,null,null,null,null,null,null,null,null,null,null,null,null,null,null,null,null,null,null,null,null,null,null,null,null,null,null,null,null,null,null,null,null,null,null,null,null,null,null,null,null,null,null,null,null,null,null,null,null,-0.019543306844028142,-0.020704084804823407,-0.08117332892418247,0.015401315029465543,-0.005959300536791279,0.050082809977032954,0.04581679755576406,0.007789394397187408,null,null,null,null,null,null,null,null,null,null,null,null,null,null,null,null,null,null,null,null,null,null,null,null,null,null,null,null,null,null,null,null,null,null,null,null,null,null,null,null,null,null,null,null,null,null,null,null,null,null,null,null,null,null,null,null,null,null,null,null,null,null,null,null,null,null,null,null,null,null,null,null,null,null,null,null,null,null,null,null,null,null,null,null,null,null,null,null,null,null,null,null,null,null,null,null,null,null,null,null,null,null,null,null,null,null,null,null,null,null,null,null,-0.012587272841174873,-0.04114140900220052,0.012680109994668527,0.011774482480461259,0.027808558761594285,-0.041052518579095615,-0.06462869375888375,0.09827577926715343,null,null,null,null,null,null,null,null,null,null,null,null,null,null,null,null,null,null,null,null,null,null,null,null,null,null,null,null,null,null,null,null,null,null,null,null,null,null,null,null,-0.06491978741665075,0.17903799456991806,-0.11881531377691433,0.15174043985798977,0.213978578760086,-0.1246956483824926,0.19242149852130058,0.148082320768915,null,null,null,null,null,null,null,null,null,null,null,null,null,null,null,null,null,null,null,null,null,null,null,null,null,null,null,null,null,null,null,null,null,null,null,null,null,null,null,null,0.012533464512089126,-0.02010772824470859,-0.03947510356423564,-0.0037201333883662537,-0.025905328908642992,0.03151147581325127,-0.03179618013225916,0.001984605344215744,null,null,null,null,null,null,null,null,-0.030373037344090754,0.005685647962239031,-0.045613467879044606,-0.018163805207544764,0.02543832171558023,0.027426238264513573,0.05799220644374788,0.04152441321972738,0.012565634743400125,0.01111659601071164,0.037564017931671786,0.03101809382479406,-0.01821338608094406,0.04094678192481901,0.028098974385309533,-0.03883699915988176,null,null,null,null,null,null,null,null,-0.05506243183805813,-0.05766739720746493,-0.051867941024940814,-0.02955897519844635,0.05860842478010117,0.018721859241899567,0.007066645420051892,-0.010901374582060638,null,null,null,null,null,null,null,null,null,null,null,null,null,null,null,null,-0.14872011865117865,0.07824623471485102,-0.08220451710261738,0.07663530457406885,0.2074352874494601,-0.1165534458727773,0.17951467501073032,0.14966943899798404,-0.057280587582825025,-0.04243637909859198,0.00474454909481409,0.003171682283042543,0.06643309781725641,0.0003936307371644432,0.06892167722912451,0.032855877181747886,0.06355594409472773,-0.056886817679639,0.05753654972962785,-0.025214709069651935,0.026348924062839174,0.06688752113173188,0.04277985950969487,0.03825144553853242,null,null,null,null,null,null,null,null,-0.025674272304903704,-0.013448609734730468,-0.02547833781340769,