{"vocab":["\n"," ","#","(",")","*",",","-",".","/","0","1",":",";","A","B","C","D","F","I","M","O","P","Q","R","S","T","V","_","`","a","b","c","d","e","f","g","h","i","k","l","m","n","o","p","r","s","t","u","v","w","x","y","z"],"config":{"vocab_size":55,"n_embd":8,"n_layer":1,"n_head":2,"block_size":8},"weights":[null,null,null,null,null,null,null,null,null,null,null,null,null,null,null,null,-0.024341048309458713,0.04181809552042028,0.2091721521272009,-0.05238141997022485,-0.052987928369762106,-0.08096315437200971,-0.015156583383145765,-0.003662459217054303,0.030735986544455366,0.023265226123100648,0.07432088822748895,0.005947868689437356,-0.08504133751209737,-0.0009882428764051631,0.08968958848236647,0.00738506411818225,-0.17281358403444907,-0.2340240595213765,0.13348896304931906,-0.13228429767482427,0.08869036203253888,-0.09544596883702915,-0.10642477508306555,-0.09849604099048934,null,null,null,null,null,null,null,null,-0.1354895938075885,-0.15636939852061038,0.06280787882264943,-0.062406526051593546,-0.03676315191046822,0.014199051345919991,-0.026271890424739354,-0.13149027874167785,null,null,null,null,null,null,null,null,null,null,null,null,null,null,null,null,null,null,null,null,null,null,null,null,0.15604751557085073,0.12866192128624418,-0.14982664999168382,0.08071327070197315,-0.15503918094187014,-0.13284434055090574,0.03354759475124122,0.11648750707419078,0.17209813094237758,0.08084233390122043,0.1367831910566351,0.07647314862086561,-0.16549811394926472,-0.11438220637023154,0.09888210462100623,0.14168013173284208,null,null,null,null,null,null,null,null,-0.004179701523941848,0.014796344464071751,-0.0652794260492058,0.008221460767701813,-0.03802263357367819,-0.035797170219033225,0.01678403419618906,-0.000027132315132778475,-0.11829845652633425,-0.045942542185539566,-0.09288911574946443,0.028582480195257637,-0.034233126463699984,-0.018037611254101672,0.03721521455926244,-0.053244865399325436,null,null,null,null,null,null,null,null,-0.09640115970813741,-0.13307671001441132,0.12162115480399605,-0.14357716127667397,-0.10237445404468405,-0.09091455480501062,-0.04651568828420554,0.04172112839449929,-0.18180888716521357,0.21728007837734425,-0.1425787292619212,0.10178920355804343,0.22459994724102497,0.1535192720846075,-0.1798398537819546,-0.1801828723261896,0.07455593975705072,0.040525834034826506,0.030640635891831566,0.012308344500761521,0.0037200336143419577,-0.014608665103756788,0.0005731628249559507,0.017649279524050956,-0.0742355794118901,-0.1049133275246907,0.05854904519955499,0.09572432793595172,0.18392435503597518,-0.17374461899692187,-0.0014484410962529867,0.06805112590373172,-0.056944440711157486,-0.033872336435265125,0.019361194130957743,-0.038102070493158474,0.05130380297898832,0.08648069304109321,0.03352447378080445,0.07711676826668047,-0.034803596285781585,0.039354509789910924,0.069655377148876,0.011626404045164095,0.019264189644662366,0.03539574385878737,-0.03970152018652632,-0.05974386446430593,0.049590679631389065,0.03966284492340798,0.030288469927944206,0.042837135239020795,-0.018258652681695686,-0.015215339243274109,-0.03108738251400979,-0.013546373291115455,0.11823843134129906,-0.0991457945988746,0.053164634835531493,0.0795030514396171,-0.07054288222234163,-0.16869523209302803,0.12492013927338963,0.13084505584453385,0.14436321718536085,-0.09523692118148783,-0.13786211096705392,-0.18285189715642713,0.16205402979849695,-0.14140092387002198,-0.15072813654672984,-0.14976399080358124,0.03251286234611535,-0.24619863630608482,0.10264118472321163,-0.31465259956423247,0.37246255897382513,-0.12361978341487764,0.11589719284081648,-0.2856617301787882,-0.06935741953894967,0.03756208352874218,0.010858034662392555,-0.005849640129180695,-0.004390401731891504,0.058216099633814515,0.056412982894181174,0.07339340670288066,-0.1911135659648508,-0.223643697607006,-0.21058975479707456,-0.17288038289114352,-0.03523244781841597,-0.14402848185832623,-0.17972164138252966,-0.129076832125977,-0.07396623645409096,-0.021365415781240033,-0.03997793225123791,-0.04368780944531496,0.06303413307248959,0.05723926708739409,0.039257291733205475,-0.0815292066910511,-0.07205584136146305,0.16556105693814285,0.1473933902569032,0.05975147127378911,-0.13602885041063828,-0.1336455486127888,0.11930911340370837,0.1568397839743815,null,null,null,null,null,null,null,null,-0.009249857026439212,0.03463806955106193,-0.022394873094132475,0.07509849047181177,0.013122340224692337,-0.06035311199795656,0.030052633804056903,-0.028000513013405417,null,null,null,null,null,null,null,null,null,null,null,null,null,null,null,null,null,null,null,null,null,null,null,null,null,null,null,null,null,null,null,null,null,null,null,null,null,null,null,null,null,null,null,null,null,null,null,null,null,null,null,null,null,null,null,null,null,null,null,null,null,null,null,null,null,null,null,null,null,null,null,null,null,null,null,null,null,null,null,null,null,null,null,null,null,null,null,null,null,null,null,null,null,null,null,null,null,null,null,null,null,null,null,null,null,null,null,null,null,null,null,null,null,null,null,null,null,null,null,null,null,null,null,null,null,null,null,null,null,null,null,null,null,null,null,null,-0.040855684019941524,0.1149919306059252,-0.09864209067918157,-0.05407982484269262,-0.06539043036885633,-0.10528444671883283,0.14749869004392305,-0.08204051038025344,null,null,null,null,null,null,null,null,0.029939075765008524,0.06113279049812064,0.038549629660900385,0.0032197496484430133,-0.013484746363817593,0.027777708846230667,-0.027960867936109003,-0.05712841181414882,null,null,null,null,null,null,null,null,0.013218826994483379,0.0628448257417374,-0.005543132149860757,-0.03415600358720372,-0.011966695620695394,0.03007101972602662,-0.045825452907879906,0.07965042539747724,null,null,null,null,null,null,null,null,null,null,null,null,null,null,null,null,null,null,null,null,null,null,null,null,null,null,null,null,null,null,null,null,null,null,null,null,null,null,null,null,null,null,null,null,null,null,null,null,null,null,null,null,null,null,null,null,null,null,null,null,null,null,null,null,null,null,null,null,null,null,null,null,null,null,null,null,null,null,null,null,null,null,null,null,null,null,null,null,null,null,null,null,null,null,null,null,null,null,null,null,null,null,null,null,0.09544993704281018,0.12415235196486893,0.17508500255088222,-0.14557044406957426,0.16256544733419256,-0.18837383519869846,0.07649257446418556,0.1466442878483702,null,null,null,null,null,null,null,null,0.11316213629549211,0.14110968168021756,0.09817536562087453,-0.015318055630157715,0.1228657806941694,-0.0893247790790276,0.18835351671137607,0.0947322618351754,null,null,null,null,null,null,null,null,null,null,null,null,null,null,null,null,null,null,null,null,null,null,null,null,0.11626689932901599,0.18775260402731117,0.14153967449483873,-0.14374628015414095,0.18713594846832565,-0.2348080041377599,0.13426340821726557,0.1768746822942203,0.11291962919466697,0.10424779482360547,0.23435036875729662,-0.10365010480296863,0.21532507042343646,-0.15641913249455028,0.2389387521239496,0.22349232792698268,null,null,null,null,null,null,null,null,-0.0938403515911678,0.15802424680800067,0.12215318158052803,-0.15623093103486926,0.18120870410745507,-0.20701173091640424,0.18891470529385365,0.14843950368457196,-0.09063479361494672,0.019597015018863857,0.11300688304577988,-0.02693346822456947,0.010159740487809472,-0.0949176252213729,0.028560434286006995,-0.017685929086698006,null,null,null,null,null,null,null,null,0.08516814617591688,0.14029549240607397,0.062464344333223974,-0.10986792982497313,0.11768202352161512,-0.17127833844426363,0.06890034509750029,0.1959536286103692,-0.09734906895209139,-0.16812855170530233,0.12271695338367307,-0.10385233450981667,-0.1417851229520541,-0.19501641302074402,-0.16600584771299368,-0.2010540626013614,0.09843418743477195,-0.06765764099461435,-0.010027355860287699,0.0025944264108215976,0.0399412098303646,-0.027997680186098394,0.08099300515923098,-0.05678397129746698,0.23571729866509628,