{"vocab":["\n"," ","#","*",",","-",".","/","0","1","2","3","4","5","6","9",":","A","B","C","D","H","I","L","M","N","P","R","S","T","V","Z","a","b","c","d","e","f","g","h","i","j","k","l","m","n","o","p","r","s","t","u","v","w","x","y","z","—"],"config":{"vocab_size":59,"n_embd":8,"n_layer":1,"n_head":2,"block_size":8},"weights":[null,null,null,null,null,null,null,null,null,null,null,null,null,null,null,null,null,null,null,null,null,null,null,null,null,null,null,null,null,null,null,null,null,null,null,null,null,null,null,null,null,null,null,null,null,null,null,null,-0.2731621691020675,0.06457330701467315,-0.19904914453472256,0.025036390000725325,0.006239215637608913,-0.030138124667885617,-0.2357778341457913,-0.05633857516176276,0.01911819372397691,0.038537968361018075,0.08708336477853369,-0.02694567241748393,0.04626083934141306,0.01793870307490188,0.04506895042024734,-0.04986537815128976,null,null,null,null,null,null,null,null,null,null,null,null,null,null,null,null,null,null,null,null,null,null,null,null,null,null,null,null,null,null,null,null,-0.011184442586502624,0.0023462539600932787,-0.03938889030187417,-0.0021162173773523743,0.030593532991625025,-0.013817187486814079,-0.06388590354178734,-0.05747890095887632,-0.022989446392367104,-0.002904429598464233,-0.07388740386011079,-0.04982557203327028,-0.02664494329040652,-0.0488720749131107,-0.022841684558376638,-0.08943488023554066,0.0028550317406710593,0.013452970310908299,-0.01491178498461169,-0.06432025043199115,0.01629312152527504,0.009924110193565525,0.009424764063061631,0.01608645207634922,0.028555223549528747,0.059860099484842236,0.008355337450920857,0.06797508377733813,-0.004692485275831135,0.019926347169359104,-0.017095903721886126,-0.015600883764859361,null,null,null,null,null,null,null,null,-0.20097360870002454,-0.1698363783867183,-0.1584430165384328,-0.13967992057612083,-0.10189602660708813,-0.18063821867516092,-0.11614791392869547,-0.13907423705387154,-0.05423829636541909,-0.020556008299995997,-0.05446610571014851,0.0892482672863936,-0.021476869506137374,0.0267835303304064,0.09263964195670461,0.019616690625624714,null,null,null,null,null,null,null,null,-0.06320715383296874,-0.02571146075842478,0.007611598019354062,0.08499725133748648,-0.03414921162820161,0.11421273463934327,-0.11726511641875602,-0.08435317212084771,-0.006530211667402277,0.09304593744249609,-0.08027430018392165,-0.023279484722416834,-0.06726280190637075,-0.011759192102520083,-0.1013206474728815,-0.053370534524023176,0.08615772897745043,0.18543554121779005,0.0839439227034434,0.09906734609338136,0.10734787608635707,-0.11448184161485728,0.14140104786305302,-0.1869772727038743,0.0037480971146799293,0.05314364249402239,-0.03242955726565974,-0.04465782365627152,0.10957214745563874,-0.04103886820716701,0.0812028597223749,-0.06454750717763774,-0.13135953410242712,-0.1948395290742107,0.17473702178305658,0.17445562711990553,0.21961467135517543,-0.1773656774788521,-0.1708513837961555,-0.1774332754503538,0.04665678168299763,-0.05583651849961791,0.01074676190860682,0.052932137762307575,0.0015596422538421706,0.02176063863382481,0.03395946522188755,0.03878765709842611,0.06751116830023957,0.026906173298651127,0.020465245650382897,-0.04182126837146535,-0.03345421405726633,-0.08340824132436378,0.1257691361810241,-0.057385806741397934,null,null,null,null,null,null,null,null,0.06328720045045906,0.052319989408630044,0.05456517824543653,0.059562394456084536,-0.013730593775580946,-0.01806905212832758,-0.03416637832170663,-0.010683911573566646,null,null,null,null,null,null,null,null,null,null,null,null,null,null,null,null,null,null,null,null,null,null,null,null,null,null,null,null,null,null,null,null,null,null,null,null,null,null,null,null,null,null,null,null,null,null,null,null,null,null,null,null,null,null,null,null,null,null,null,null,null,null,null,null,null,null,null,null,null,null,null,null,null,null,null,null,null,null,null,null,null,null,null,null,null,null,null,null,null,null,null,null,null,null,null,null,0.16586397084239402,0.1708229565336089,0.17719742110493747,0.17607923574496034,-0.1806316923497427,-0.20000518090034894,-0.193578165115354,-0.2340692787653826,-0.11031251267556583,-0.0743311686790124,-0.07196777137138677,0.057347580255869675,0.011522947164471511,0.28327011829946436,-0.10350764405364184,-0.06726169555096509,null,null,null,null,null,null,null,null,null,null,null,null,null,null,null,null,null,null,null,null,null,null,null,null,null,null,null,null,null,null,null,null,null,null,null,null,null,null,null,null,null,null,null,null,null,null,null,null,null,null,null,null,null,null,null,null,null,null,null,null,null,null,null,null,null,null,null,null,null,null,null,null,null,null,null,null,null,null,null,null,null,null,null,null,null,null,null,null,-0.024872132113561173,-0.05353597732606225,0.06640697680409542,-0.007079062293850402,-0.02615281314861649,0.018407637812929138,0.02183628735927659,-0.038026262271659554,null,null,null,null,null,null,null,null,null,null,null,null,null,null,null,null,0.0017287318527684902,-0.03952841451250235,0.017931934999319096,0.07483063023935692,-0.004656772864563354,0.004439508819692151,-0.007966677145251407,-0.06411539192474235,null,null,null,null,null,null,null,null,null,null,null,null,null,null,null,null,null,null,null,null,null,null,null,null,null,null,null,null,null,null,null,null,null,null,null,null,null,null,null,null,null,null,null,null,null,null,null,null,null,null,null,null,null,null,null,null,null,null,null,null,null,null,null,null,null,null,null,null,null,null,null,null,null,null,null,null,null,null,null,null,null,null,null,null,null,null,null,null,null,null,null,null,null,null,null,null,null,null,null,null,null,null,null,null,null,null,null,null,null,null,null,null,null,null,null,null,null,null,null,null,-0.35066134340223726,0.33992008327535345,-0.2400190290611742,-0.21972217505433722,0.3104290242930532,-0.27075175123323314,-0.17498731892522376,-0.21014618516495145,0.04285196154868643,0.11148566733572465,-0.06396513773048251,-0.010991168924879542,-0.01444310156944754,-0.08256928531626058,-0.010232834826646808,-0.09122946146525468,null,null,null,null,null,null,null,null,null,null,null,null,null,null,null,null,null,null,null,null,null,null,null,null,null,null,null,null,null,null,null,null,-0.0379001484490043,-0.04426946288842993,-0.02673625204657947,0.04361976082481995,-0.02060144077698471,-0.029141475645038658,-0.007401375302600073,-0.0029870468604104696,null,null,null,null,null,null,null,null,-0.008943196974963286,0.07410397797169609,-0.09265981385276564,-0.07630454911282249,0.08338705449475164,-0.029936984910707756,-0.015819223402133976,-0.02743881756470339,0.04370218529582754,0.03057935698086187,-0.014749033227522954,0.028776220986908713,-0.029788851839640175,0.009458892859543653,0.012802375220635796,0.02383877043445381,null,null,null,null,null,null,null,null,-0.12017097514595172,0.16206673798157697,-0.09518703179025374,-0.19523967445130894,0.20370652585826302,-0.17384838559852658,-0.15173640524334214,-0.19205484504276849,0.029000772927377412,0.021344765182640266,-0.02691900398669539,-0.020252591349715167,-0.04641691803433659,0.07916646655166552,-0.09623237905026674,-0.01631306314310832,null,null,null,null,null,null,null,null,-0.024012339863406035,0.031590183183620724,0.006587626352179612,0.008484655393035183,0.04727505220264639,-0.03153784306163615,-0.06553994619701216,-0.012377548131351635,-0.03350819555419125,-0.06402502060598847,0.03755588718573389,0.049563596726523614,-0.05527024171181934,0.07120036558597441,0.02011566267455194,-0.017312773483558922,-0.14372404970665378,0.16603005031287685,-0.03957607492934425,-0.12247796352494657,0.2098639337459966,-0.1307534369733355,-0.1513330647290327,-0.07035245915628353,-0.032681623504259,0.014676625262361541,-0.011050716945560897,0.03809367206539733,-0.0263849832102202,0.04168890996112729,-0.044619634496692075,0.059950215969135245,-0.19402591439660513,0.14971073632374826,0.24133480279777084,0.1948619753945296,-0.1751931004773806,