{"vocab":["\n"," ","#","%","'","*",",","-",".","/","0","1","2","3","4","5","6","9",":","A","B","C","D","E","G","H","I","N","P","R","S","T","U","V","Z","[","]","a","b","c","d","e","f","g","h","i","j","k","l","m","n","o","p","q","r","s","t","u","v","w","x","y","z","—"],"config":{"vocab_size":65,"n_embd":8,"n_layer":1,"n_head":2,"block_size":8},"weights":[null,null,null,null,null,null,null,null,null,null,null,null,null,null,null,null,0.044239681879207494,-0.06449828646454792,0.0005083910998707352,0.06730440717228085,-0.00296268737987571,-0.043634060317431535,0.022798312656569876,-0.07221622232619858,null,null,null,null,null,null,null,null,0.006443830659296133,0.07287256784643159,0.01901421117160048,0.023971104821142574,-0.0622140903664263,0.03426564453566236,-0.06418317456219956,0.043830852136437316,null,null,null,null,null,null,null,null,-0.057507353854324615,0.08121824647476178,0.010478691995771179,0.015000184420270771,-0.03666283866293379,0.024601136439039842,0.04521996362378126,-0.04580724249100266,null,null,null,null,null,null,null,null,null,null,null,null,null,null,null,null,-0.1398742056443282,0.09995989166038093,-0.18962332541746774,-0.08250642328890916,0.12091963791325816,0.10876092276766167,0.10487734376340951,-0.11732143925651294,null,null,null,null,null,null,null,null,null,null,null,null,null,null,null,null,null,null,null,null,null,null,null,null,null,null,null,null,null,null,null,null,null,null,null,null,null,null,null,null,0.10086334366752318,0.059741573519524284,-0.02653457079958157,0.050990721826526836,0.02496487027966026,-0.009770837065006095,-0.10385461758570376,0.0165244773040569,-0.056300483612512796,-0.012242637008437675,-0.08312144630838143,0.0389635667488519,-0.06439247182433847,-0.006679645607030068,-0.06764684496363554,0.1693643089745991,0.07530100757039478,-0.0519860069041396,0.020586504350788674,-0.05388050085077209,0.09370867145033891,0.03051410101600702,0.018231088068924706,-0.026164943659883467,null,null,null,null,null,null,null,null,null,null,null,null,null,null,null,null,null,null,null,null,null,null,null,null,null,null,null,null,null,null,null,null,null,null,null,null,null,null,null,null,null,null,null,null,null,null,null,null,0.0012442888402750185,0.018994157350254212,0.04364762200042104,0.027054116151971713,0.07404988968736799,0.012960509481588644,-0.02387620810483199,0.031552902124841964,0.08613624588151694,-0.01911063108492934,0.0372057069151559,0.019928814733130837,0.11171923558732431,-0.004079880616746863,-0.02719981484659364,-0.03351607489866359,0.06410066555049547,0.07297992922947018,0.061367545959092315,0.0035847353115322634,-0.019621876689004624,-0.07177995443050403,0.0349837714092493,0.034680098561038264,null,null,null,null,null,null,null,null,-0.0528196297041101,0.005671324462922627,-0.03139832612368959,-0.0031842496168704316,0.04290835758104997,0.10392988988828233,-0.06116123002395026,-0.0301135101544204,null,null,null,null,null,null,null,null,-0.090882972877962,-0.041000938171097144,0.09070561296509162,0.022944587916959875,-0.03418766965975987,0.05057148117360338,-0.041123285847673705,0.005968380746926414,null,null,null,null,null,null,null,null,0.08253609603825617,0.001057764050697223,-0.01320310545665322,-0.043491719930247065,-0.0015727122213057144,-0.0350508638997341,0.10850531338046658,-0.0625773934400535,0.025013969758333587,-0.0974041775993253,-0.0452725815756297,-0.03767787439759333,0.0003428283610388405,-0.0527029010828559,-0.009507683926239246,0.047268793660860384,null,null,null,null,null,null,null,null,null,null,null,null,null,null,null,null,0.016931780739220983,-0.10366675758618892,0.03227654488542665,-0.09507821034863544,-0.002444538084512704,-0.08727837568541688,0.01684896074615857,0.020406869195055324,null,null,null,null,null,null,null,null,null,null,null,null,null,null,null,null,null,null,null,null,null,null,null,null,null,null,null,null,null,null,null,null,null,null,null,null,null,null,null,null,-0.04895002354791497,0.010865752841601904,0.03517012493373091,-0.004651241463521334,0.006484485368926443,0.06712887932847401,-0.04998570114368356,0.06882412559521246,null,null,null,null,null,null,null,null,null,null,null,null,null,null,null,null,null,null,null,null,null,null,null,null,0.06923224007640794,0.058062771689553434,-0.07154132685191626,0.06719680689738479,0.07227558722830982,0.06031288582914101,0.025959889804279827,0.03323847174943929,-0.11202087864652198,0.23344477398428298,0.1860602152559706,0.22235587004750174,-0.22706256060268898,-0.24706241035456772,-0.27258034973171896,-0.12365898050133801,null,null,null,null,null,null,null,null,0.11274722695323257,-0.17048206707697033,-0.10666126008231758,0.17717463789319937,-0.15355498983104804,-0.1358279252988034,-0.13264674306678037,0.05556436446533775,null,null,null,null,null,null,null,null,null,null,null,null,null,null,null,null,0.2572519330489961,0.1596915490650031,-0.3210291533677907,0.09004691867769317,0.02198668333555492,0.01970806408309933,0.011863762605955027,0.22620673382299036,null,null,null,null,null,null,null,null,null,null,null,null,null,null,null,null,null,null,null,null,null,null,null,null,null,null,null,null,null,null,null,null,null,null,null,null,null,null,null,null,null,null,null,null,null,null,null,null,null,null,null,null,null,null,null,null,null,null,null,null,null,null,null,null,null,null,null,null,null,null,null,null,0.010663887214489486,-0.035591007370017726,0.005686177768833609,-0.006462972378005621,-0.05074044698681595,-0.007258563282674509,0.02311911326763287,0.15504742158761722,null,null,null,null,null,null,null,null,null,null,null,null,null,null,null,null,null,null,null,null,null,null,null,null,null,null,null,null,null,null,null,null,null,null,null,null,null,null,null,null,null,null,null,null,null,null,null,null,null,null,null,null,null,null,null,null,null,null,null,null,null,null,null,null,null,null,null,null,null,null,null,null,null,null,null,null,null,null,null,null,null,null,null,null,null,null,null,null,null,null,null,null,null,null,null,null,-0.03003806113482286,-0.07140375602835665,-0.010397143167841634,0.07023121131686004,-0.0424687812269744,-0.013118760644428065,0.05328757392421125,-0.038213005131241574,null,null,null,null,null,null,null,null,0.0210342140994112,0.025415618042126626,-0.023461254508824237,0.018016518475418835,0.04780751543349211,-0.028113171070318507,0.0005564332378941828,-0.021501612512312036,null,null,null,null,null,null,null,null,0.015851494922656358,0.02329520464890571,0.017864383753592606,-0.009894133098736315,-0.030586287274362984,0.05970559705627999,0.03154141098661466,0.0892315672870489,null,null,null,null,null,null,null,null,null,null,null,null,null,null,null,null,0.07396861083337576,-0.12415587113026662,-0.06576605190492216,-0.0715365263866232,-0.14224054807028344,0.10664653879992077,-0.12253039966611647,0.10843937230132102,null,null,null,null,null,null,null,null,null,null,null,null,null,null,null,null,null,null,null,null,null,null,null,null,null,null,null,null,null,null,null,null,null,null,null,null,null,null,null,null,0.045704505187337006,-0.029560535978220115,-0.05778979805435409,-0.0005604088206681723,-0.001298992936212624,0.0222719968507786,-0.012566025133045482,-0.024704175721828196,0.315730656397466,-0.32898145484322283,-0.24282645943450412,-0.20247100082698177,-0.239245244903999,0.22343316128540652,-0.31633140808365884,0.25118541557412966,0.009477382877893738,0.01158234951644893,-0.033231240771033586,-0.04939781621444381,-0.04488892229631613,-0.01298374602941724,0.009378986082124854,0.015714271591792155,null,null,null,null,null,null,null,null,null,null,null,null,null,null,null,null,null,null,null,null,null,null,null,null,null,null,null,null,null,null,null,null,null,null,null,null,null,null,null,null,null,null,null,null,null,null,null,null,-0.012887653737764798,-0.07420007986379931,0.01155549277658217,-0.05518823266458245,0.05483881674170686,-0.05398558010136723,-0.057476147269385616,0.0055795497301796,-0.03420343911728001,0.026563824214307807,0.03578846652732349,