{"vocab":["\n"," ","#","'","*",",","-",".","/","0","1","2","3","4","5","6","7","8","9",":","A","B","C","D","E","F","H","I","K","N","O","P","R","S","T","V","Z","a","b","c","d","e","f","g","h","i","j","k","l","m","n","o","p","r","s","t","u","v","w","y","z","—"],"config":{"vocab_size":63,"n_embd":8,"n_layer":1,"n_head":2,"block_size":8},"weights":[null,null,null,null,null,null,null,null,null,null,null,null,null,null,null,null,null,null,null,null,null,null,null,null,null,null,null,null,null,null,null,null,null,null,null,null,null,null,null,null,null,null,null,null,null,null,null,null,null,null,null,null,null,null,null,null,null,null,null,null,null,null,null,null,-0.16008962140966315,0.12005941777526767,0.16702486316839535,-0.1966418040803021,0.13444599688009237,0.14293389037876988,0.18674502917486238,0.1455350456655642,null,null,null,null,null,null,null,null,null,null,null,null,null,null,null,null,null,null,null,null,null,null,null,null,null,null,null,null,null,null,null,null,-0.049290937695422435,-0.08972168254650717,0.06622728324476782,-0.032666799456743834,-0.01038696384335875,-0.06223124035967281,-0.055377094508229696,0.008132091361392995,0.03210429625108418,0.005610191050945233,0.04764335294098746,0.014389485090250531,-0.006210547105204061,-0.04173345879843703,-0.04258336821121162,0.018719439921459156,null,null,null,null,null,null,null,null,0.048844740292565914,0.041765348387988475,-0.025998501784270777,0.0028892706045464322,0.05034273138283307,0.015584724197121603,0.02550986843454133,-0.009026388247888697,0.0627088972265127,-0.026780161031534355,-0.017308697315503087,-0.02303236603299963,0.01583315564305856,-0.008352299538817949,-0.05757270199078608,0.013363486312865049,0.04388947621537365,-0.008834944304264809,0.0700915841614125,0.07210873706739633,-0.015247562940490074,-0.006286532040940927,0.006818760641362935,0.10389739129842514,null,null,null,null,null,null,null,null,-0.027695478636039557,0.015104252617239737,-0.04430475092976032,-0.06093549957177562,0.01099949328929121,-0.04457094648641556,-0.0352898612007,0.04736130290184015,-0.04014818449963583,-0.017181674480158674,0.0024002712321261653,0.026525980575567376,0.012670154338461189,-0.020759507720706515,-0.04364352712409186,0.0016288798093011536,null,null,null,null,null,null,null,null,0.034016098308849364,0.011902149377140177,0.0379228901473677,0.0365612779457107,0.022476187644536197,-0.05806354365426856,-0.021984627922259782,-0.032335979054330846,-0.047500851243771416,0.04980598435184174,0.00958938031773208,-0.006288127484943509,-0.011145858325010263,0.008026461827154776,-0.019520194901411384,-0.04869960591058607,0.0011726227894410357,-0.038985807673203754,0.042578232435615,0.11323821213330298,-0.0011940362287979768,-0.0664218382985799,-0.06859545241346073,0.02189705884157114,0.004622999235642667,-0.020988825948004504,0.05047492328762921,-0.015056283793806476,0.04062970666704008,0.008060538949158981,-0.0069271299442229765,0.0004994930749045778,null,null,null,null,null,null,null,null,-0.020893240201139706,-0.0003451108003344849,-0.07402543907132088,-0.03979637629634064,-0.02401361241665981,-0.04400793600971062,-0.07242437562290986,-0.00891845318278918,null,null,null,null,null,null,null,null,0.08598066071786932,0.044791893553449626,-0.20481811383486925,0.11256216823906261,0.14038540168281097,-0.08116495601346092,-0.01729462099144944,-0.03901900654258785,0.10671265183941067,-0.08533496145686532,-0.010674434129506846,0.1140354630693548,-0.127193700076502,-0.019389232061040786,0.03852685193744301,0.09210672584726258,0.2210764790939738,0.22190773084971482,0.1838649861436807,-0.26862260178752917,-0.13557310621961127,-0.18051310588439723,-0.1701655773783885,0.16389023158721316,null,null,null,null,null,null,null,null,null,null,null,null,null,null,null,null,0.047512216813992154,0.03422258808780675,-0.043899459372425016,-0.04030455912108259,0.014536730531068543,0.0030810680456815477,0.0929403767768897,0.009908642337755751,0.07689588903350607,0.14778904247358765,-0.09353338279961235,-0.1935518072928007,0.10584318202679523,-0.02325519366757756,0.06429578262481653,-0.05863066876763972,null,null,null,null,null,null,null,null,null,null,null,null,null,null,null,null,null,null,null,null,null,null,null,null,null,null,null,null,null,null,null,null,null,null,null,null,null,null,null,null,null,null,null,null,null,null,null,null,null,null,null,null,null,null,null,null,null,null,null,null,null,null,null,null,null,null,null,null,null,null,null,null,0.11235373886504134,-0.051670034853714554,0.010631774490209238,0.009133093060575833,0.03517140129444848,-0.04561569990103548,0.010005349782586687,0.01564539236664749,null,null,null,null,null,null,null,null,null,null,null,null,null,null,null,null,null,null,null,null,null,null,null,null,null,null,null,null,null,null,null,null,null,null,null,null,null,null,null,null,null,null,null,null,null,null,null,null,null,null,null,null,null,null,null,null,null,null,null,null,null,null,null,null,null,null,null,null,null,null,null,null,null,null,null,null,null,null,null,null,null,null,null,null,null,null,null,null,-0.0010942237363328468,0.05742110242980388,0.060342920202116554,-0.04766870677667349,0.06918321497636555,-0.03104892927223684,-0.040364714051418976,0.09881516401828407,null,null,null,null,null,null,null,null,-0.039706951318556206,-0.11388401984641729,0.06866303470395885,0.028813727864445655,0.04127536566604473,0.02091826772634132,-0.012658199943473197,-0.09059752751556531,null,null,null,null,null,null,null,null,null,null,null,null,null,null,null,null,null,null,null,null,null,null,null,null,null,null,null,null,null,null,null,null,null,null,null,null,null,null,null,null,null,null,null,null,null,null,null,null,null,null,null,null,null,null,null,null,null,null,null,null,null,null,null,null,null,null,null,null,null,null,null,null,null,null,null,null,null,null,null,null,null,null,null,null,null,null,null,null,null,null,null,null,null,null,null,null,null,null,null,null,null,null,null,null,null,null,null,null,null,null,null,null,null,null,null,null,null,null,null,null,null,null,null,null,null,null,null,null,null,null,null,null,null,null,null,null,null,null,null,null,null,null,null,null,0.18815923334965728,-0.20875289083113813,-0.11368195999749396,-0.18311792971553728,0.1014645392644621,-0.1594593867967469,0.10030183189427495,-0.14156005059505844,null,null,null,null,null,null,null,null,null,null,null,null,null,null,null,null,null,null,null,null,null,null,null,null,null,null,null,null,null,null,null,null,0.02739913861806812,0.07993530474348468,0.014539533106609711,-0.059435991835889775,-0.07212105706836189,-0.10947169990121132,0.10019843821808813,-0.012004083650890394,-0.01728796949755564,0.07682607616652724,0.008939663169465532,0.08379074338676588,0.024184427486417234,0.04984780324838908,-0.02078271064717921,0.021525358216187236,null,null,null,null,null,null,null,null,0.006316030855959589,-0.038861864362879056,0.0473745259746876,0.10392288399597188,-0.0944331485115934,-0.0359644025661429,0.030112516760343766,-0.05741224139228869,-0.006282770812839011,-0.10099407494684616,-0.07400970749318486,-0.03999314530304069,0.039516231837370304,0.034029526803960694,0.07144539734861774,-0.1071811180288819,0.04028223758222985,0.05996081541698132,0.04643407563746184,-0.015626191783161065,-0.010158397825732166,0.010626861457465964,-0.0011805524093307974,-0.023126229348469887,null,null,null,null,null,null,null,null,0.05253177155647371,0.008566454126159577,-0.03532089731885856,-0.0013817359870279234,-0.011049712960618763,-0.0011897869799370397,-0.054762908037896664,0.03211415375003469,-0.046883575439744585,-0.050450640008992166,0.07874445622185981,-0.06850374763019439,0.05841117762496001,-0.02073286172086572,-0.01457305512637527,0.0015926324404669145,null,null,null,null,null,null,null,null,-0.06870864638691146,0.020945328394754412,0.0022744188200370277,-0.027852249491775397,-0.07012821632770898,-0.01820314122792013,-0.02506990796929868,-0.042952001221748776,-0.014781230760185764,0.04018869328360847,