{"vocab":["\n"," ","#","'","*",",","-",".","/","0","1","2","3","5","6","7","9",":","A","C","D","E","F","H","I","N","P","R","S","T","U","V","W","Z","a","b","c","d","e","f","g","h","i","j","k","l","m","n","o","p","q","r","s","t","u","v","w","x","y","z","—"],"config":{"vocab_size":62,"n_embd":8,"n_layer":1,"n_head":2,"block_size":8},"weights":[null,null,null,null,null,null,null,null,null,null,null,null,null,null,null,null,null,null,null,null,null,null,null,null,0.2273166526259086,-0.19454549659514037,0.14655823846456625,-0.15855821188317898,-0.09610286596221335,0.06734861562350959,0.11298100058749012,0.10334289048428551,null,null,null,null,null,null,null,null,null,null,null,null,null,null,null,null,null,null,null,null,null,null,null,null,null,null,null,null,null,null,null,null,null,null,null,null,null,null,null,null,null,null,null,null,null,null,null,null,null,null,null,null,null,null,null,null,null,null,null,null,null,null,null,null,null,null,null,null,null,null,null,null,-0.008655197887890953,-0.020282435813893364,-0.056991655831139014,0.061541427374360004,0.015813380473892913,-0.03411561453528995,-0.004191225905991853,0.019250650196020017,0.015952265453823885,0.04368767627859757,-0.031006436450162378,0.005392506233974359,0.00546483689384079,-0.044105407908354814,-0.005815719208240342,0.005100553105454182,null,null,null,null,null,null,null,null,0.04753513783809552,-0.03774686517587412,-0.01960867512881226,0.01778976060159252,0.042507714186046645,-0.008669189283241785,-0.027342610108750717,-0.05900288855727817,null,null,null,null,null,null,null,null,0.05907052677428746,-0.12990170901241097,-0.18874690790941723,-0.1624261399498262,0.10942113556966493,-0.14058540030772826,0.19080442305281886,0.16168352096197716,null,null,null,null,null,null,null,null,0.01483291847563116,-0.013063308739230166,0.04289899413909154,-0.05523546548776599,-0.015043949362730782,0.037291304968203286,-0.008232522118815276,0.00391783812135678,-0.3193247680376572,0.27579158287134287,0.019723170506829302,-0.05372356459342473,0.08227612261496586,0.33572422508560873,0.3350966819227624,-0.04774142962838519,-0.03379276693686851,-0.009304708257703726,0.020229296802881793,-0.00012294857068928522,0.020657643967293426,0.07557811266923636,0.022117628001520943,-0.0004656514571876791,null,null,null,null,null,null,null,null,null,null,null,null,null,null,null,null,-0.07036330963937112,-0.004812414736738333,0.03059240215646227,0.0900600081304303,0.07873144187458543,0.041298321143232855,0.03328885383316219,0.004681265239588228,0.27750534268180116,-0.23932379395320144,-0.16217939761230107,0.039858180360818674,-0.015216686918893498,0.026557823811084295,0.015565346703490671,0.1952600927655741,-0.058747799376903005,-0.0290320863528995,0.014977140593244407,-0.03960996855173024,0.025909673207740982,-0.023881774944087563,-0.039356834497061545,0.045928705261367,0.0782236693262879,-0.057991439573856614,-0.07865145257401913,-0.05542308225420037,0.0514205609068026,0.03958566482642848,-0.027595063422073504,0.0922312031268939,-0.01228136534940063,-0.020175594429482562,-0.0029288965308455063,-0.029850584507523054,-0.08655513096744546,-0.011688255799854216,0.05488498284931232,0.0579461218850237,-0.07181468539335946,-0.06637831567318336,0.021688732051401302,0.05912068269080258,-0.027590898427187423,0.05561199733092298,-0.007256690960887582,0.027807403526443508,-0.0350027337449826,0.003526160658276183,0.008398355474652846,-0.004902514512817522,-0.013604888299630443,0.018587654847567164,0.038517150230978674,-0.01882256625613472,0.07078446804433164,0.011431314695055903,0.002220660320203081,-0.004557195923025752,-0.0015862961156881106,0.0030641997640323384,0.03252223371286604,0.02370247549261027,null,null,null,null,null,null,null,null,null,null,null,null,null,null,null,null,-0.15772658470859494,0.14123044915845265,-0.17885614591530283,0.10540601150002353,-0.07287073601616048,-0.11800008703152126,-0.11337053874463887,-0.15845026270553095,null,null,null,null,null,null,null,null,null,null,null,null,null,null,null,null,null,null,null,null,null,null,null,null,null,null,null,null,null,null,null,null,null,null,null,null,null,null,null,null,null,null,null,null,null,null,null,null,null,null,null,null,null,null,null,null,-0.014983355377096875,-0.022398175300393976,0.013815111811980502,0.02338414313548725,-0.057906497889976,0.07690334339485254,0.03255996602127361,0.05867039209082435,0.011015248666004496,-0.06404977971216853,0.03284775929729861,0.04052539888287591,0.01661589330109699,-0.020640494759249835,0.06152322175356947,-0.05160828725616556,null,null,null,null,null,null,null,null,null,null,null,null,null,null,null,null,null,null,null,null,null,null,null,null,null,null,null,null,null,null,null,null,null,null,null,null,null,null,null,null,-0.046388493068512456,0.02378507617740759,-0.030641224738038472,-0.02080452700811211,-0.02033268517053548,-0.010982857588575073,-0.029560030426767324,0.020840343100785006,null,null,null,null,null,null,null,null,null,null,null,null,null,null,null,null,null,null,null,null,null,null,null,null,null,null,null,null,null,null,null,null,null,null,null,null,null,null,null,null,0.01740121363362981,0.039472369056912024,0.008398844309920044,-0.0019584767116485225,0.09990706482562388,0.011674766054974839,0.017239911846307833,-0.011823736934805602,null,null,null,null,null,null,null,null,null,null,null,null,null,null,null,null,-0.0033448370033402064,-0.005713031495745824,0.020398967835923685,0.014496697068562731,-0.014074289822816102,0.008256780177668333,0.019865673780894683,-0.021127308693668,null,null,null,null,null,null,null,null,null,null,null,null,null,null,null,null,null,null,null,null,null,null,null,null,null,null,null,null,null,null,null,null,null,null,null,null,null,null,null,null,null,null,null,null,null,null,null,null,null,null,null,null,null,null,null,null,null,null,null,null,null,null,null,null,null,null,null,null,null,null,null,null,null,null,null,null,null,null,null,null,null,null,null,null,null,null,null,null,null,null,null,null,null,null,null,null,null,null,null,null,null,null,null,null,0.09733559360415855,-0.15635909846177234,-0.2085835789092597,-0.12388075324263839,-0.16748636007072892,-0.1352796012690484,0.13725871671628406,-0.17603797387301987,null,null,null,null,null,null,null,null,null,null,null,null,null,null,null,null,null,null,null,null,null,null,null,null,null,null,null,null,null,null,null,null,null,null,null,null,null,null,null,null,null,null,null,null,null,null,null,null,null,null,null,null,null,null,null,null,null,null,null,null,null,null,null,null,null,null,null,null,null,null,null,null,-0.02772943586078778,0.005071099553568566,0.07139701971884574,-0.051209042968414255,-0.04724064989484402,0.025991199588283467,-0.013544757329854065,-0.02495584617731188,0.0609843016435444,-0.015206611963594253,0.025097412034957856,0.04564388498352358,0.06395398259329937,-0.01852129636724669,-0.08254724530407626,-0.06688264121260358,null,null,null,null,null,null,null,null,-0.04633300518535736,-0.02831248901631197,0.06237524765587992,0.005976330971530679,0.051805645813675624,0.009964232338590975,0.056848413949791204,-0.00826568006488312,null,null,null,null,null,null,null,null,0.10243030855304756,-0.15345813831402427,-0.0685649750022906,-0.15984809692417964,-0.1831623481053595,-0.17410694228532655,0.12829788999289404,-0.17933977621692807,null,null,null,null,null,null,null,null,0.05667165516717922,-0.023800117426786754,-0.058158491365102184,-0.03704271315345132,-0.018559290755057117,-0.014823251888235554,-0.0019324264634845711,0.01370843617535222,0.2975597306521911,0.11095408873451942,-0.25007799199732733,-0.22371571848579921,0.03687716415423114,-0.01378848858935209,0.2295184728060498,0.055063889779549555,-0.05725343248727319,-0.05032219552999827,0.013278033425955443,0.04522362024120643,0.011693820031465166,0.035552696206131815,0.059097335523342384,-0.01551390504172563,null,null,null,null,null,null,null,null,null,null,null,null,null,null,null,null,0.0026701289226859614,0.04486969557726958,