{"vocab":["\n"," ","#","'","*",",","-",".","/","0","1","2","3","4","5","6","7","8","9",":","A","C","D","F","H","I","L","M","N","P","R","S","T","V","W","Z","a","b","c","d","e","f","g","h","i","j","k","l","m","n","o","p","q","r","s","t","u","v","w","y","z","—"],"config":{"vocab_size":63,"n_embd":8,"n_layer":1,"n_head":2,"block_size":8},"weights":[null,null,null,null,null,null,null,null,null,null,null,null,null,null,null,null,null,null,null,null,null,null,null,null,0.0035036219072334517,0.03894628433347766,-0.05498817474543035,-0.051339472163476695,-0.09913373621556153,0.012430064993630304,-0.05036823664824001,-0.04128652773026433,0.12740456409866768,0.2078572822890321,-0.08524321869137809,0.20684298978538015,0.12480088284051383,-0.19348416729031453,-0.3084742089489691,0.2850621288257994,-0.13161998444939663,0.20468222123647956,-0.11578047466116262,-0.148666783843068,-0.14362562103718204,0.13668742931078096,-0.16182592733331247,0.0048467995229785985,null,null,null,null,null,null,null,null,null,null,null,null,null,null,null,null,0.13585179693867358,0.13237569962339565,0.08791127706121,0.12502113675035637,0.12220621147954185,-0.06776347416750324,-0.12995578066654964,-0.13021713359421144,-0.043996642408950556,-0.0029681342077112244,0.04390505468137351,0.32413419717070924,0.020363453408322116,0.05882269907482576,-0.0654665264774888,0.33836420445224213,0.33096728178445206,-0.3560745486739215,-0.21447551316472233,0.08230738757636329,-0.36085540355679246,-0.2989550467608576,0.3116735713011693,0.025440783290651862,-0.09268961473154949,0.030391187868302295,-0.021374823676338122,0.06741695873788901,-0.011633859740024817,-0.1158853927698057,0.02873468334304532,0.2755605220943325,0.2068644228535713,0.15972070115377612,-0.19568595100128505,-0.17783333537474055,-0.10849142295339441,0.1895880642238227,-0.17902308602050168,0.22151474151681635,-0.04162532137307735,-0.07720811053883025,-0.11394305997596892,0.17612621473353374,-0.06615539320819035,-0.13868226156707364,-0.16093281916145066,0.08280894338217547,0.12446286684894127,0.17267133148070912,-0.10827866433870759,0.08708486119136424,-0.0210149523060987,-0.20420986427149113,-0.0421501220136106,-0.1892507364130391,0.10963442137832673,-0.1001139449123932,0.1262490630505914,0.16059129776857428,-0.1170653899200106,0.21114171626968173,0.09492019004685809,0.18008950080860112,-0.046902524138173196,0.055860689336008136,0.05499736836075044,0.07641091540715138,0.03131280737057953,-0.023512807413617373,-0.0017305873704315468,0.036253779230539004,-0.06802100840636066,0.18239025368654027,0.08072213846382653,0.16972409473217,0.059642734500756155,-0.018504808053759533,-0.13515610569193745,0.1293560765072173,0.12339460943885336,0.033601412346055425,0.1027064207385871,0.011290943872986965,-0.030211464218906147,0.013834872665335283,0.06471657363607342,-0.03815817428069192,0.022778314811388416,0.33134804344904584,-0.05509091706770136,0.08024293914644513,0.03444318412090331,-0.08138399269184307,-0.20305787150479662,0.16653445694837543,-0.04160349312727881,0.019491531323089787,0.004278479735510566,-0.016858512976497497,0.00455604302436889,-0.024216589493165425,-0.05294797634982267,0.002678019297533112,null,null,null,null,null,null,null,null,-0.031566576991471376,0.02730056176401682,-0.06233291398136071,-0.04244871840760686,0.024303404450568424,-0.09305009599564545,-0.07927831363501488,-0.0392343763448905,-0.009477251738205225,-0.0409666492432422,-0.0470366659664397,0.08280398941386309,-0.014428804885903368,0.02836779898745732,-0.09628599322512903,-0.04132287987096738,null,null,null,null,null,null,null,null,0.04927928957562212,0.04045399940372654,-0.006869107889558173,-0.03986641102102743,0.06723261938423505,0.1085397417109727,0.025852119773459456,-0.007026472375270121,-0.025424239572309288,-0.03718801191287925,-0.022227548153838476,-0.02429364969567203,-0.03593783315365816,-0.004810458920391874,-0.016738911753775697,0.04543696816595635,-0.008026183763972749,-0.058299113004993276,-0.0030473222086431486,0.08420878165538664,0.020873054795717997,-0.02881834790810302,-0.08667369506787656,0.0015684347901628115,0.01358190519738841,0.031185259619669878,-0.016210665594520394,-0.05440526021229827,-0.0031827094689220914,-0.005527391278230205,0.010432942406920666,0.04378991656742489,-0.14327655608250592,-0.18419624266358806,-0.07829308754041134,0.16617038006404927,-0.21877581448096067,-0.12048436279965423,-0.16258980990169744,0.12763279681284917,null,null,null,null,null,null,null,null,0.10143377834684535,-0.12061147167811542,0.1424828094315683,-0.06512530221961961,-0.09652861491481841,-0.16363823485892454,-0.08165551885396126,0.06438388251997523,0.23477332492464517,0.1950560329711135,-0.10582054457215427,0.23128389506712457,0.18093666138810294,0.1016839568374849,-0.20706650216834807,-0.2109431704971252,0.14283686578623003,0.11246635437054467,0.14375382513534618,0.1769831438722266,-0.15450455313399095,0.17278683780656343,-0.21896010360693985,0.1075457384575949,0.10386388433502602,-0.05597692266262005,0.03339042363135491,0.05165905060375231,0.06962751135737862,-0.06785384630916885,0.036436759915772825,-0.03266884278124948,-0.17950206058394536,0.11098702259395707,0.10567750210001615,-0.1294082657361832,0.08735260505834251,-0.04246885848596229,-0.032318945782432204,0.08849356972134406,null,null,null,null,null,null,null,null,0.10425525052101511,-0.09526817090566551,-0.057422517190730125,-0.005004655626125276,0.06531971144488163,-0.024298154259398123,-0.07655300316723526,-0.04395956796506266,null,null,null,null,null,null,null,null,null,null,null,null,null,null,null,null,null,null,null,null,null,null,null,null,-0.03161680399492529,0.11160354865109029,0.1123661044500457,0.16472593542140904,0.028483661879591442,0.0243617241422503,-0.0898129261393757,0.13705473456761608,null,null,null,null,null,null,null,null,null,null,null,null,null,null,null,null,null,null,null,null,null,null,null,null,0.20994328801120343,0.16854448555936877,0.15281158878381254,0.18424507403436616,0.09738926518840535,-0.1443414327368262,-0.16004484340440087,0.22699820695494877,0.06352656695844211,-0.027663797707711046,-0.05853252605649084,-0.002215163228580739,0.020781265693291927,0.036824674155687236,0.027145468097134577,-0.06928519237113635,null,null,null,null,null,null,null,null,null,null,null,null,null,null,null,null,null,null,null,null,null,null,null,null,null,null,null,null,null,null,null,null,null,null,null,null,null,null,null,null,-0.0864582233973187,0.015521223475402196,0.008723566397146883,-0.00023436094949060406,-0.006881437761601497,-0.03460702818019162,0.05939374586842831,-0.09967408382589085,null,null,null,null,null,null,null,null,null,null,null,null,null,null,null,null,null,null,null,null,null,null,null,null,null,null,null,null,null,null,null,null,null,null,null,null,null,null,null,null,0.00034900660460625234,-0.06211627416101699,0.07382739499619063,0.028613810919061393,-0.1278554019802381,-0.04628181827644122,-0.0009097512348458991,-0.01587425699887392,null,null,null,null,null,null,null,null,-0.0048967114276814525,-0.03743462381387209,-0.010401467188419673,-0.08975355777383662,0.034013815323106156,-0.055106473006995706,-0.012547485865363299,0.032129455218956625,0.13853923735768628,-0.10387190570714769,0.11832257108560773,0.22898911694254911,-0.16281229608954614,-0.16453911864989584,-0.12534777204774022,0.08634715761920511,null,null,null,null,null,null,null,null,null,null,null,null,null,null,null,null,null,null,null,null,null,null,null,null,null,null,null,null,null,null,null,null,null,null,null,null,null,null,null,null,null,null,null,null,null,null,null,null,null,null,null,null,null,null,null,null,null,null,null,null,null,null,null,null,null,null,null,null,null,null,null,null,null,null,null,null,null,null,null,null,null,null,null,null,null,null,null,null,null,null,null,null,null,null,null,null,0.055319194195435024,0.028439428675822498,-0.044527523850267786,0.015316874998371333,0.09109805032499538,-0.018457987554306214,-0.12550505821032526,-0.010049960134257655,