{"vocab":["\n"," ","#","'","*",",","-",".","/","0","1","2","3","4","5","6","7","9",":","A","B","C","D","H","I","L","N","P","R","S","T","V","W","Z","a","b","c","d","e","f","g","h","i","j","k","l","m","n","o","p","r","s","t","u","v","w","x","y","z","—"],"config":{"vocab_size":61,"n_embd":8,"n_layer":1,"n_head":2,"block_size":8},"weights":[null,null,null,null,null,null,null,null,null,null,null,null,null,null,null,null,null,null,null,null,null,null,null,null,null,null,null,null,null,null,null,null,null,null,null,null,null,null,null,null,0.04062648095984507,-0.007997740245060178,0.048507416733204495,-0.07314669961023369,0.028941952955949014,0.04173112735859601,0.02596408353895068,-0.020283151853952467,null,null,null,null,null,null,null,null,-0.18615942256214446,-0.07033444071440909,-0.05180787647165943,0.20230377539662958,-0.18264634258381593,0.11191461577074407,-0.21212143865393704,-0.02182535393558879,null,null,null,null,null,null,null,null,null,null,null,null,null,null,null,null,null,null,null,null,null,null,null,null,null,null,null,null,null,null,null,null,0.01512829536094456,0.1819772675595442,-0.10334668209329166,-0.11874165598596481,0.0636553467259283,-0.1445354032155825,0.08221910998514585,0.15457980451083164,0.04668896720807869,-0.05778297426082455,0.04330899410991474,0.020385748289081677,-0.04533319464660595,0.00014438019591338504,0.06225255640000946,-0.036523158420124935,null,null,null,null,null,null,null,null,null,null,null,null,null,null,null,null,-0.18331320844804294,-0.17359620246549504,-0.1392559770447166,-0.18956135682538913,0.13940496363389587,-0.0744247462975798,-0.26438663128390205,0.12535772970358675,null,null,null,null,null,null,null,null,-0.14716531706201658,0.16839686917323984,0.013106275923127369,-0.059111117712121256,-0.017716194125785584,-0.002745532914630862,0.03498465641378003,-0.05662377475513934,0.01588261230837013,-0.050933871658911674,0.06429263121500566,0.08373387489804408,0.02762404831017541,-0.07896526585292483,-0.08026947129543961,0.07060030296835734,-0.024131395462843878,-0.06146190421179197,0.04022438759786383,-0.035164989166850555,-0.04379475352888548,0.015147781557024552,0.019048958261786524,0.03456774780904105,null,null,null,null,null,null,null,null,-0.06533144278912192,0.07696801232754366,0.036985518534450056,-0.04876637308228707,0.08029018514055213,0.08246244857596753,-0.10559710842314214,-0.10522920156236433,-0.11623834877016971,-0.13928461375129936,-0.19643332144281958,-0.11939357501964,0.19550795620259012,-0.06821592562465262,-0.13622450594199093,0.10597467202205352,null,null,null,null,null,null,null,null,0.06150720756655119,-0.004059524053879411,0.056175521467097415,0.06119965452082429,-0.02119373198127228,0.021765893773293108,0.010420752794602776,0.11901953792057618,0.01303940059151131,-0.02589087943976974,-0.01982239998454926,-0.04901349745673423,0.044719752080375416,-0.03197305219007525,-0.007443893813688245,0.06384192025586202,null,null,null,null,null,null,null,null,0.04206987054054949,0.06642180645127838,0.03030466976407297,0.10633573325690705,0.04772330432210559,-0.02560759838899692,0.05323372654743274,0.024753555189029407,-0.038823170662713284,-0.09216130090805055,0.0030523289929829645,0.06684859113425795,0.08537473749296258,-0.04565601193930588,-0.018648423603611252,-0.042226839966961444,-0.0116057910470896,0.0716813163977822,-0.03697272848397503,0.0021053638715149247,0.03661225603782185,0.004696340770963019,0.034740204426951,-0.0392484384060667,0.007950652700178225,0.03291542523653476,0.01708546217966493,0.05225560248131288,0.03694099402356144,-0.042309435665373235,0.04010170947284298,0.04067365762872988,0.06361239776673593,0.015094569782188713,0.06897535085751379,0.06740778494929188,-0.03311682468844884,0.042068325079723225,0.043539742059524864,0.00829978416952212,null,null,null,null,null,null,null,null,null,null,null,null,null,null,null,null,null,null,null,null,null,null,null,null,null,null,null,null,null,null,null,null,null,null,null,null,null,null,null,null,null,null,null,null,null,null,null,null,0.17042532284997253,-0.21197790914694978,0.2340847109768482,-0.24868025474403196,-0.1972047946310355,0.18778823375979242,0.17877602098767803,0.18413130671555064,null,null,null,null,null,null,null,null,null,null,null,null,null,null,null,null,null,null,null,null,null,null,null,null,0.058824886295790066,-0.23157663377190757,-0.11647664770799307,-0.05062178406152639,0.11145569518208259,0.16535567231799467,-0.1211589980598895,-0.1300334402168574,-0.1401234603121769,-0.00521941783529213,-0.148931003282366,-0.004772211345951401,0.1091370939626073,0.11776220362992425,-0.030640073316018538,0.018083363055546104,null,null,null,null,null,null,null,null,null,null,null,null,null,null,null,null,null,null,null,null,null,null,null,null,null,null,null,null,null,null,null,null,null,null,null,null,null,null,null,null,null,null,null,null,null,null,null,null,null,null,null,null,null,null,null,null,null,null,null,null,null,null,null,null,null,null,null,null,null,null,null,null,null,null,null,null,null,null,null,null,0.13568612418162085,-0.12913492304655344,-0.1559958053127272,-0.1806434615285462,0.1406898566927196,0.1571039147580129,0.16507807787677814,0.12370973493264643,-0.04621598962134584,-0.0012327241939697846,0.04472053040641047,-0.02655274383099103,0.014996594179741703,0.017618745218276877,-0.0011349545369614294,-0.3058198852704219,null,null,null,null,null,null,null,null,0.10754137158574338,-0.051346390400076165,0.11297694023692842,0.01932981658063927,-0.03173114474916856,-0.025931987521941445,-0.009400678853533507,0.01471063712091798,null,null,null,null,null,null,null,null,null,null,null,null,null,null,null,null,null,null,null,null,null,null,null,null,null,null,null,null,null,null,null,null,null,null,null,null,null,null,null,null,null,null,null,null,null,null,null,null,null,null,null,null,null,null,null,null,null,null,null,null,null,null,null,null,null,null,null,null,null,null,null,null,null,null,null,null,null,null,null,null,null,null,null,null,null,null,null,null,null,null,null,null,null,null,null,null,null,null,null,null,null,null,null,null,null,null,null,null,null,null,null,null,null,null,null,null,null,null,null,null,-0.017620504591616477,0.024001899536539213,0.08816390969114252,0.060591415720190445,0.025074670082437224,-0.026037953345161534,0.004633325746511119,-0.00013576901430214505,null,null,null,null,null,null,null,null,null,null,null,null,null,null,null,null,null,null,null,null,null,null,null,null,null,null,null,null,null,null,null,null,null,null,null,null,null,null,null,null,null,null,null,null,null,null,null,null,null,null,null,null,null,null,null,null,0.01663310639668051,-0.0728687462301698,-0.10433883816846833,0.04706563394308933,0.04962888762133986,0.031341450024450594,-0.056072659227866736,-0.05152632507688713,null,null,null,null,null,null,null,null,null,null,null,null,null,null,null,null,-0.1307824769723384,0.25098087558862087,-0.17263744245941695,0.09941945477371426,-0.20453470730259496,-0.15570337170179036,-0.12349746900327395,0.07298392014912032,null,null,null,null,null,null,null,null,-0.2214115502641975,-0.06213239932791875,-0.2899249717478139,0.31240997334547216,-0.30547638102054975,-0.29953648896174817,-0.28961842398778603,0.28715960631507603,0.0702663587699562,-0.02021080481516524,-0.0361066024124001,-0.042031930666321674,-0.022631284211742334,0.0385170470384373,-0.05092767385149381,-0.005967143003962541,0.039660685075638365,-0.0046906359465080354,0.0629300847173046,-0.011142305845750862,-0.030400083444912837,-0.017670879730318296,-0.110990897775593,-0.011222068167981174,null,null,null,null,null,null,null,null,null,null,null,null,null,null,null,null,-0.21069713459352732,0.048610241994851235,-0.2568279321621967,0.31020225802969614,-0.01056560816655344,0.004120503377051146,-0.27694398640321416,0.2322614601991131,null,null,null,null,null,null,null,null,-0.021043509942198356,0.03945347375024575,-0.02162221774960555,-0.04053180311852225,0.019046002075701198,-0.003831760877469126,