{"vocab":["\n"," ","#","*",",","-",".","/","0","1","2","3","4","5","6","7","8","9",":","A","C","D","E","F","H","I","M","N","O","P","R","S","T","V","Z","a","b","c","d","e","f","g","h","i","j","k","l","m","n","o","p","r","s","t","u","v","w","x","y","z","—"],"config":{"vocab_size":62,"n_embd":8,"n_layer":1,"n_head":2,"block_size":8},"weights":[null,null,null,null,null,null,null,null,null,null,null,null,null,null,null,null,null,null,null,null,null,null,null,null,null,null,null,null,null,null,null,null,0.09609414098415499,0.00042220080547281216,0.021434363387943803,0.026968565421520766,0.011849286580793717,-0.029637370235258694,0.02985733999381566,0.05942380156779699,null,null,null,null,null,null,null,null,null,null,null,null,null,null,null,null,null,null,null,null,null,null,null,null,null,null,null,null,null,null,null,null,null,null,null,null,null,null,null,null,null,null,null,null,null,null,null,null,0.01950916400972691,-0.02684651221887757,-0.03278334105126717,0.031916819442009296,0.07705621706279538,0.03393928816396908,0.028674186558846203,0.0360943973558225,0.20486898076651175,0.024448301898360125,-0.1618090243527129,0.11781629662957631,0.31140684273284214,0.022472699449370248,0.25892337867864124,-0.18684797301542427,-0.07763334529796641,0.2652051866612438,-0.22847050163940769,0.15912463400863555,0.33403710447574186,-0.2372758310868612,0.15896919442744967,-0.052719002432845385,null,null,null,null,null,null,null,null,0.04888064789225808,0.0663836036623495,-0.09204745054149056,-0.11504697414729692,-0.06901957987120536,0.08875433341375281,-0.10139264596750572,-0.10062904682087923,0.033980602923111364,-0.059918402645476154,-0.030509261245445476,-0.05818190968509351,0.046953828917791825,0.03001702942243597,-0.014273013879166215,-0.05523338102611785,-0.177168820287574,0.2652794092863014,-0.2530918168560777,0.3100753458343738,0.014489963512041354,0.012191286191923091,-0.06272451910594862,-0.24268525830341903,null,null,null,null,null,null,null,null,0.16943417903376268,0.15900065468308028,-0.0674868519498306,0.15893863927590773,0.12423616221354752,-0.13120556157891858,-0.18138167610189632,-0.1339123702085255,null,null,null,null,null,null,null,null,0.0844534385073019,0.007210531060190491,0.029755277980715464,0.0278311829227642,-0.0014907182480778224,-0.08193823534492553,-0.04395463732024329,0.08902631131231946,-0.10200158389172832,0.023049262034020898,-0.06403408606231178,0.07247338143507513,0.037001391638513396,0.023226579272224476,0.006095609311308579,0.013092713809971884,-0.10082712765980097,0.18125762024530842,0.16153855501058217,0.1852431059028194,-0.17815774147100175,-0.1311450408219601,0.17366779971516097,-0.25135071401162135,0.03626957008050461,-0.0484130082403486,-0.007641412193858006,0.10279493187159024,-0.03703686635388893,-0.04491934908852011,0.030492232726588284,-0.01594480890486835,0.043080164349886874,0.05689289213562681,-0.06283332105461399,-0.026137147453620512,-0.06058410084286406,0.033451420982055606,0.06409190233638548,0.05712035329600962,-0.035128998893317116,-0.016094490978649692,-0.08909040425059427,0.00584535893127228,-0.05388119416439682,0.030699168981387432,-0.05481497540508873,0.016735290021743197,0.018285641236448987,-0.01669037382008076,-0.09089318199786078,-0.05771219427553659,-0.029196977256351352,-0.015213989410464564,0.018523146017544578,0.020986816301475954,0.022794512751307183,-0.02996168229431767,-0.07931745006042082,-0.08125014029217031,-0.014933342875870163,0.058079228026582184,-0.010381667283942627,-0.058708746382744204,-0.012594856837840123,0.0022799509839031276,-0.03217459371206601,0.01775785046218779,0.033981506001840744,0.11509310833321788,0.014570297596721104,-0.060741280669125784,0.12309608889188592,-0.04984762044627111,0.03963870916800626,-0.03861906526810504,-0.02427944033055173,-0.040862596542623135,0.025208243503338536,-0.06944183182970194,0.040280947272164414,0.06063224529545117,0.027147633890269918,0.0690057831948009,-0.01884849597375993,0.041890981548016695,-0.03937805271574675,0.012214055959948952,-0.004907611459555156,0.027141208729183096,-0.010028537054137714,0.019995118972849963,-0.015438612397292483,-0.02783495922118682,-0.009693472147096389,0.053492001625989334,0.05750116974031691,0.03298689187892844,-0.010802028985792021,-0.05398159880749148,-0.017144947920611033,-0.0677832678374374,0.06231744972836285,-0.07437619649179165,0.39064704519566396,0.11904996536754926,-0.22345933026170722,0.13639113318002316,0.08568903433390206,0.0788278392128451,0.2840192953911939,-0.18889014513829044,null,null,null,null,null,null,null,null,0.15751804106755035,0.1833992385812359,-0.17641190102257628,0.13227527534554726,0.16304133594892997,-0.17380348363249143,0.16340492472407978,0.15506156474654167,null,null,null,null,null,null,null,null,null,null,null,null,null,null,null,null,null,null,null,null,null,null,null,null,0.03627690086734383,0.04284296429464867,-0.010254185466238432,0.053766274402175684,0.09651163486791266,0.02620920274033061,-0.08313997730872476,-0.004015956884330478,null,null,null,null,null,null,null,null,null,null,null,null,null,null,null,null,null,null,null,null,null,null,null,null,null,null,null,null,null,null,null,null,null,null,null,null,null,null,null,null,null,null,null,null,null,null,null,null,null,null,null,null,null,null,null,null,null,null,null,null,null,null,null,null,null,null,null,null,null,null,null,null,null,null,null,null,null,null,null,null,null,null,null,null,null,null,null,null,null,null,null,null,null,null,null,null,null,null,null,null,null,null,null,null,null,null,null,null,null,null,null,null,null,null,null,null,null,null,null,null,0.2185902314271252,0.13594070640249464,0.003709648793027772,0.12043512227632365,0.07330365579559933,-0.08615412448377609,-0.018477117550061452,0.028267981409832374,-0.04659528762020237,-0.02628244814222496,-0.028552537707781198,0.024637119394599765,0.04700119539601072,-0.022098665132490574,-0.06923327906278848,-0.06672225064528446,null,null,null,null,null,null,null,null,0.015612908198989004,-0.002011396870299347,-0.04258372543094872,0.10293102380777171,0.034977913046141895,-0.029640463813261953,-0.012318747598771829,0.062046739861464674,0.15003385844590142,0.15172081403461607,0.08904607466233538,-0.18036538847667183,0.1010158491964695,0.1700710233375284,-0.1311652424426864,0.17440318090430668,null,null,null,null,null,null,null,null,null,null,null,null,null,null,null,null,null,null,null,null,null,null,null,null,null,null,null,null,null,null,null,null,null,null,null,null,null,null,null,null,null,null,null,null,null,null,null,null,null,null,null,null,null,null,null,null,null,null,null,null,null,null,null,null,null,null,null,null,null,null,null,null,null,null,null,null,null,null,null,null,null,null,null,null,null,null,null,null,null,null,null,null,null,null,null,null,null,null,null,null,null,null,null,null,-0.10619702669405456,0.03206706133879688,-0.02573106868277785,-0.05672621241706821,0.02720760073236818,0.05188676920517125,0.014255129585690193,0.015909716137085434,null,null,null,null,null,null,null,null,null,null,null,null,null,null,null,null,null,null,null,null,null,null,null,null,null,null,null,null,null,null,null,null,null,null,null,null,null,null,null,null,null,null,null,null,null,null,null,null,null,null,null,null,null,null,null,null,0.1821172609203047,-0.1921853768985878,-0.20205074894080569,0.24661621058745203,0.32926549636630414,-0.20494456308923395,0.21828529222051518,-0.30394006293962134,-0.1501216890009157,-0.32294905116484673,0.06499968567232542,0.04533299549740789,-0.04140060191687794,-0.2717605310285186,-0.036580306020425446,-0.3296855644216458,null,null,null,null,null,null,null,null,0.10782411848389938,-0.07196520030522162,-0.1421248066141653,0.053563045230207315,0.09939412471385471,-0.12240320982511138,0.07619300034418837,-0.09015614676542691,0.0232281467532016,-0.025903013648991672,-0.018214714064150445,-0.015076928787373784,0.018940641816360897,-0.03959259513961419,0.02452682489304216,0.0035701152755213883,0.03580103589654713,