{"vocab":["\n"," ","#","'","*",",","-",".","/","0","1","2","3","4","5","6","8","9",":","A","C","D","E","H","I","J","M","N","O","P","R","S","T","V","W","Z","a","b","c","d","e","f","g","h","i","j","k","l","m","n","o","p","q","r","s","t","u","v","w","x","y","z","—"],"config":{"vocab_size":64,"n_embd":8,"n_layer":1,"n_head":2,"block_size":8},"weights":[null,null,null,null,null,null,null,null,null,null,null,null,null,null,null,null,0.022643149253469445,0.05731159805350949,0.034255646788727855,-0.02050818914018846,-0.052061448300021615,0.012983714596631266,-0.02222489167261264,0.07120658097529106,0.07626027129165508,0.006004721547857948,0.0019978438558746346,-0.001109717190084698,-0.03196573473120651,-0.04185004165601258,0.005558021750419684,0.011491837500609066,null,null,null,null,null,null,null,null,null,null,null,null,null,null,null,null,null,null,null,null,null,null,null,null,0.03645331593460405,-0.026298840990924645,-0.06697852440201599,-0.02353017884979918,-0.054791511598873244,-0.055456791933439345,-0.03019545623301507,-0.03397729716390884,0.061094063003048545,0.046245126682164364,-0.012116516599524427,0.033016464183296,0.03144311860923793,0.03750528473844511,0.05602604050669775,-0.007342500016429483,null,null,null,null,null,null,null,null,null,null,null,null,null,null,null,null,null,null,null,null,null,null,null,null,null,null,null,null,null,null,null,null,0.03213000709594922,0.03140422999501766,0.005492764875052458,-0.06854944074225525,-0.011523922109549414,0.051978783670594525,-0.07630456951442897,-0.03279471405783076,-0.07612194050712169,0.052217453488970667,0.12448611479000668,0.022713702754529556,0.09757796023737952,-0.03334017047284963,0.09893744395254477,0.04326512450558656,null,null,null,null,null,null,null,null,-0.08793006179287335,0.11415396789548028,0.22993223361965096,0.2555275588751831,-0.20948952632807044,-0.12411189460301753,0.16904684628304428,0.07792844727064784,0.004745069880213393,-0.019346488692962075,-0.010306642233712929,-0.011748969521364713,-0.008174353378086039,-0.005076103930466403,0.03252256020972144,0.03797962452610829,null,null,null,null,null,null,null,null,0.07606050077620623,-0.043812058839300894,-0.012919177728214156,0.10976863149584593,-0.0824681039416876,-0.01641615213279362,0.044871278478768525,-0.0562255713081275,null,null,null,null,null,null,null,null,0.1769926344898987,-0.09919505932366898,-0.15972586467766736,0.05575203079812941,-0.12110928587728693,-0.12938886611256073,0.12672182854166017,-0.12208356524561013,-0.05593199184036117,-0.10152880258325593,-0.09468294217455578,-0.11226377012136846,-0.07970731821323922,-0.03892026898935284,0.07753643447073613,0.12965906355160123,-0.01981975690917226,-0.0680247856721783,0.013240697068984808,0.04792718924879054,0.012661618583718805,-0.018197446638985006,0.0295018193193248,0.04376208247469975,null,null,null,null,null,null,null,null,0.07276621449517784,-0.08951433155985225,-0.026187017125638958,-0.06036063532072207,-0.013464170327216713,0.037555743053816856,0.017151969143052774,0.0193924684591056,0.03990759810088182,-0.09567850275060213,0.012024834987000688,-0.023826348051741244,-0.02473254433524426,0.009103553246201912,-0.045038923821248,-0.09709128805909048,-0.08686277195818577,0.18938251807961018,0.12600733830954977,0.18868350052190636,-0.09723210526814105,-0.12195015668776628,0.17128300782767505,0.14708063494909057,-0.08354630675790445,0.0755283515407531,-0.002196275466789075,-0.030629425481422282,-0.017154244239636237,-0.0172271921511269,0.016244661430322226,-0.061807133020598676,null,null,null,null,null,null,null,null,null,null,null,null,null,null,null,null,0.002027072428871044,0.027812984954961876,-0.06502750356055005,0.07395519935407528,-0.004062924395391842,0.027604308298937355,-0.053801035723348906,-0.0344015828956678,null,null,null,null,null,null,null,null,null,null,null,null,null,null,null,null,-0.0796052864252354,-0.06366742541351045,0.08284153133631043,-0.0758120775412,-0.05100119010493406,-0.010844938979225668,0.006937932635983017,0.009877984034693199,0.11623584329807864,-0.12588664723403067,-0.11244008581693238,-0.15833634177848308,-0.194865380507417,-0.09825041289426369,0.11425330485814357,-0.12824855254828404,null,null,null,null,null,null,null,null,null,null,null,null,null,null,null,null,null,null,null,null,null,null,null,null,null,null,null,null,null,null,null,null,null,null,null,null,null,null,null,null,0.037137864853937365,-0.013012723887818822,-0.03975673583633036,0.014105514832432747,0.031446748984795436,-0.039399241448246976,-0.025910825466945796,-0.06434017935179967,null,null,null,null,null,null,null,null,null,null,null,null,null,null,null,null,null,null,null,null,null,null,null,null,-0.041996522910016536,-0.02869808044549936,-0.04418205808203506,0.024707278128999803,-0.08834148700801638,-0.07521542639736613,-0.04878316767490865,0.00113291409487843,-0.06355050911015321,-0.029249316957420213,0.016107600994220875,-0.024685726197598578,0.05839555753626076,0.02279845007445232,0.0440814514539673,-0.025588965622247724,null,null,null,null,null,null,null,null,0.012507497631715858,0.16133253639584302,0.049499553465828086,-0.04861607285684101,-0.1764937933923513,-0.042063569689267985,-0.04042648309865276,0.05159746806078375,null,null,null,null,null,null,null,null,null,null,null,null,null,null,null,null,null,null,null,null,null,null,null,null,0.00047860339955448696,-0.02361592683331022,-0.016287745044183614,-0.09834811225653174,0.009434056703061841,-0.11156003955738653,-0.07739623933229103,0.061888756434203177,null,null,null,null,null,null,null,null,null,null,null,null,null,null,null,null,null,null,null,null,null,null,null,null,null,null,null,null,null,null,null,null,null,null,null,null,null,null,null,null,null,null,null,null,null,null,null,null,0.12903856760274146,0.1506929733334057,0.1343653700000275,-0.06939190212292802,-0.10192360744424198,0.07582424934246486,-0.1036103171936966,0.114272323506349,0.011160439956298954,0.006001097096173901,-0.06603309346104928,0.012030219951970665,-0.24927811841179695,0.19911631146668066,0.05006462746434866,0.17819818463170187,-0.03342668410512818,0.038366911856571734,0.03362828783534901,-0.031110631112930706,0.019808472999347588,-0.0065921844294422275,-0.09472786804608438,-0.06071202061924451,0.2008358922154949,-0.0001694346457765751,-0.20854193401430252,-0.22883620859647782,-0.17079888812516655,0.19889983669800526,0.08106187474582104,0.0032035391404761113,null,null,null,null,null,null,null,null,null,null,null,null,null,null,null,null,null,null,null,null,null,null,null,null,null,null,null,null,null,null,null,null,null,null,null,null,null,null,null,null,null,null,null,null,null,null,null,null,null,null,null,null,null,null,null,null,null,null,null,null,null,null,null,null,null,null,null,null,null,null,null,null,null,null,null,null,null,null,null,null,null,null,null,null,null,null,null,null,0.032655060152159444,0.01616645193095934,0.0493507698161276,0.016507142587397966,-0.0031121428138021125,-0.02287245962746798,-0.00491526756757386,0.010809795940208674,-0.027337170805286793,-0.08254266646049381,0.037330569993866296,0.07250137488659171,0.11245385086902801,0.0713585117376374,-0.005020509911311919,-0.05212150107747274,null,null,null,null,null,null,null,null,null,null,null,null,null,null,null,null,null,null,null,null,null,null,null,null,null,null,null,null,null,null,null,null,0.024894128092962122,0.05213298750557883,-0.012749685543693871,0.024943527969601576,-0.0016495819433724535,0.05202633267082817,-0.08065992951788678,0.00041712735988991056,null,null,null,null,null,null,null,null,null,null,null,null,null,null,null,null,null,null,null,null,null,null,null,null,null,null,null,null,null,null,null,null,0.0245447917541431,-0.03190983045499184,-0.0371375491453753,0.009807414637061314,-0.006224141020192242,-0.07900020454788993,0.021521050000459566,0.02831795566766683,0.04134396859837324,0.0389723956791994,-0.005271348690683766,-0.03500050966686226,-0.03534124945763953,-0.05940243323957292,-0.028585270770551452,